"http://www.afamilyfeast.com/acorn-squash-and-pear-soup/",Acorn Squash and Pear Soup
"http://www.afamilyfeast.com/affogato/",Affogato
"http://www.afamilyfeast.com/almond-malted-brittle-bars/",Almond Malted Brittle Bars
"http://www.afamilyfeast.com/american-chop-suey/",American Chop Suey
"http://www.afamilyfeast.com/anchovy-crusted-pork-loin/",Anchovy-Crusted Pork Loin
"http://www.afamilyfeast.com/antipasto-salad/",Antipasto Salad
"http://www.afamilyfeast.com/apple-cheddar-baked-french-toast/",Apple and Cheddar Baked French Toast
"http://www.afamilyfeast.com/apple-chai-cupcakes/",Apple Chai Cupcakes and Curious Chef Product Review
"http://www.afamilyfeast.com/apple-chunkies/",Apple Chunkies
"http://www.afamilyfeast.com/apple-cider-doughnut-holes/",Apple Cider Doughnut Holes
"http://www.afamilyfeast.com/apple-cider-poke-pound-cake/",Apple Cider Poke Pound Cake
"http://www.afamilyfeast.com/apple-cranberry-egg-rolls/",Apple Cranberry Egg Rolls
"http://www.afamilyfeast.com/apple-crisp/",Apple Crisp
"http://www.afamilyfeast.com/apple-doughnut-bombs/",Apple Doughnut Bombs
"http://www.afamilyfeast.com/apple-harvest-squares/",Apple Harvest Squares
"http://www.afamilyfeast.com/apple-pandowdy/",Apple Pandowdy
"http://www.afamilyfeast.com/apple-pear-compote/",Apple Pear Compote
"http://www.afamilyfeast.com/apple-streusel-bread/",Apple Streusel Bread
"http://www.afamilyfeast.com/apple-topped-cake/",Apple Topped Cake
"http://www.afamilyfeast.com/apple-zucchini-crumb-bars/",Apple Zucchini Crumb Bars
"http://www.afamilyfeast.com/apple-stuffed-acorn-squash/",Apple-Stuffed Acorn Squash
"http://www.afamilyfeast.com/asiago-potato-stacks/",Asiago Potato Stacks
"http://www.afamilyfeast.com/asian-barbecue-chicken-wings/",Asian Barbecue Chicken Wings
"http://www.afamilyfeast.com/asian-barbecue-pork-ribs/",Asian Barbecue Pork Ribs
"http://www.afamilyfeast.com/asian-barbecue-sauce/",Asian Barbecue Sauce
"http://www.afamilyfeast.com/asian-burgers/",Asian Burgers
"http://www.afamilyfeast.com/asian-chicken-salad/",Asian Chicken Salad
"http://www.afamilyfeast.com/asian-chicken-stock/",Asian Chicken Stock
"http://www.afamilyfeast.com/asian-citrus-vinaigrette/",Asian Citrus Vinaigrette
"http://www.afamilyfeast.com/asian-noodle-salad-chicken/",Asian Noodle Salad with Chicken
"http://www.afamilyfeast.com/asian-noodle-soup/",Asian Noodle Soup
"http://www.afamilyfeast.com/asian-salad-roasted-delicata-squash/",Asian Salad with Roasted Delicata Squash
"http://www.afamilyfeast.com/asian-spice-apple-egg-rolls/",Asian Spice Apple Egg Rolls
"http://www.afamilyfeast.com/asparagus-lemon-risotto/",Asparagus Lemon Risotto
"http://www.afamilyfeast.com/asparagus-with-lemon-and-feta/",Asparagus with Lemon and Feta
"http://www.afamilyfeast.com/atlantic-beach-pie/",Atlantic Beach Pie
"http://www.afamilyfeast.com/autumn-pork-stew/",Autumn Pork Stew
"http://www.afamilyfeast.com/avocado-chicken-pasta-salad/",Avocado Chicken Pasta Salad
"http://www.afamilyfeast.com/avocado-poppy-seed-dressing/",Avocado Poppy Seed Dressing {#LoveAvocado}
"http://www.afamilyfeast.com/avocado-rye-canapes/",Avocado Rye Canapés
"http://www.afamilyfeast.com/avocado-corn-and-tomato-salad-and-iloveavocados-for-cinco-de-mayo-sweepstakes/",Avocado Corn and Tomato Salad
"http://www.afamilyfeast.com/bacon-and-blue-cheese-stuffed-burgers/",Bacon and Blue Cheese Stuffed Burgers
"http://www.afamilyfeast.com/bacon-and-hash-browns-breakfast-bread/",Bacon and Hash Browns Breakfast Bread
"http://www.afamilyfeast.com/bacon-cheeseburger-dip/",Bacon Cheeseburger Dip
"http://www.afamilyfeast.com/bacon-topped-cornbread/",Bacon Topped Cornbread
"http://www.afamilyfeast.com/bacon-wrapped-gulf-shrimp-with-blue-cheese-butter-and-port-reduction/",Bacon-Wrapped Gulf Shrimp with Blue Cheese Butter and Port Reduction
"http://www.afamilyfeast.com/baconnaise/",Baconnaise
"http://www.afamilyfeast.com/baked-apple-cheddar-purses/",Baked Apple and Cheddar Purses
"http://www.afamilyfeast.com/baked-brie/",Baked Brie
"http://www.afamilyfeast.com/baked-chicken-salad/",Baked Chicken Salad
"http://www.afamilyfeast.com/baked-cod-boursin/",Baked Cod with Boursin
"http://www.afamilyfeast.com/baked-crusted-salmon-mccormick-spice-homemade-in-america-contest-ad/",Baked Crusted Salmon
"http://www.afamilyfeast.com/baked-fig-crostini/",Baked Fig Crostini
"http://www.afamilyfeast.com/baked-gnocchi-with-italian-sausage/",Baked Gnocchi with Italian Sausage
"http://www.afamilyfeast.com/baked-haddock-with-cashew-cracker-crust/",Baked Haddock with Cashew Cracker Crust
"http://www.afamilyfeast.com/baked-jalapeno-poppers/",Baked Jalapeño Poppers
"http://www.afamilyfeast.com/baked-stuffed-parmesan-tomatoes/",Baked Stuffed Parmesan Tomatoes
"http://www.afamilyfeast.com/baked-stuffed-shrimp/",Baked Stuffed Shrimp
"http://www.afamilyfeast.com/baked-tilapia-quinoa-garlicky-green-beans/",Baked Tilapia with Quinoa and Garlicky Green Beans
"http://www.afamilyfeast.com/baked-tortellini-chicken-gratinati/",Baked Tortellini with Chicken Gratinati
"http://www.afamilyfeast.com/baked-winter-squash-and-apple-casserole-with-crispy-topping/",Baked Winter Squash and Apple Casserole with Crispy Topping
"http://www.afamilyfeast.com/baked-zucchini-fries/",Baked Zucchini Fries
"http://www.afamilyfeast.com/banana-chocolate-chip-granola-muffins/",Banana Chocolate Chip Granola Muffins
"http://www.afamilyfeast.com/barbecue-chicken-wings/",Barbecue Chicken Wings
"http://www.afamilyfeast.com/barbecue-pork-ribs/",Barbecue Pork Ribs
"http://www.afamilyfeast.com/basil-chicken-coconut-curry-sauce/",Basil Chicken in Coconut-Curry Sauce
"http://www.afamilyfeast.com/beans-rice/",Beans and Rice
"http://www.afamilyfeast.com/beef-and-bean-enchiladas/",Beef and Bean Enchiladas
"http://www.afamilyfeast.com/beef-and-guinness-casserole-with-noodles/",Beef and Guinness Casserole with Noodles
"http://www.afamilyfeast.com/beef-chimichangas/",Beef Chimichangas
"http://www.afamilyfeast.com/beef-crostini-with-horseradish-spread/",Beef Crostini with Horseradish Spread
"http://www.afamilyfeast.com/beef-short-ribs-gravy/",Beef Short Ribs Gravy
"http://www.afamilyfeast.com/beef-soup-series-part-1-brown-stock/",Beef Soup Series &#8211; Part 1: Brown Stock
"http://www.afamilyfeast.com/beef-soup-series-part-2-beef-and-barley-soup/",Beef Soup Series &#8211; Part 2: Beef and Barley Soup
"http://www.afamilyfeast.com/beef-soup-series-part-3-hearty-beef-vegetable-soup/",Beef Soup Series &#8211; Part 3: Hearty Beef Vegetable Soup
"http://www.afamilyfeast.com/beef-stroganoff/",Beef Stroganoff
"http://www.afamilyfeast.com/beef-teriyaki-vegetables/",Beef Teriyaki and Vegetables
"http://www.afamilyfeast.com/beef-tostadas/",Beef Tostadas
"http://www.afamilyfeast.com/beer-braised-barbecue-pork-butt/",Beer Braised Barbecue Pork Butt
"http://www.afamilyfeast.com/best-apple-cake-ever/",Best Apple Cake Ever
"http://www.afamilyfeast.com/best-ever-banana-bread/",Best Ever Banana Bread
"http://www.afamilyfeast.com/best-zucchini-bread-ever/",Best Zucchini Bread Ever
"http://www.afamilyfeast.com/bigos-polish-hunters-stew/",Bigos (Polish Hunter’s Stew)
"http://www.afamilyfeast.com/biscoff-crunch-ice-cream-cake/",Biscoff Crunch Ice Cream Cake
"http://www.afamilyfeast.com/black-garlic-bulgogi-beef-crostini/",Black Garlic Bulgogi Beef Crostini
"http://www.afamilyfeast.com/blackened-tilapia-soft-tacos/",Blackened Tilapia Soft Tacos
"http://www.afamilyfeast.com/blt-crostini-boursin-cheese/",BLT Crostini with Boursin Cheese
"http://www.afamilyfeast.com/blt-panzanella/",BLT Panzanella
"http://www.afamilyfeast.com/blt-ranch-rollups-baked-spinach-and-chicken-dip-favorite-family-night-foods/",BLT Ranch Rollups &#038; Baked Spinach and Chicken Dip (Favorite Family Night Foods)
"http://www.afamilyfeast.com/blue-cheese-aioli/",Blue Cheese Aioli
"http://www.afamilyfeast.com/blue-cheese-dressing/",Blue Cheese Dressing
"http://www.afamilyfeast.com/blue-hubbard-squash-and-white-bean-soup/",Blue Hubbard Squash and White Bean Soup
"http://www.afamilyfeast.com/blue-moon-chicken/",Blue Moon Chicken
"http://www.afamilyfeast.com/blueberry-buckle/",Blueberry Buckle
"http://www.afamilyfeast.com/blueberry-cream-cheese-muffins/",Blueberry Cream Cheese Muffins
"http://www.afamilyfeast.com/bog-hollow-cranberry-brownies/",Bog Hollow Cranberry Brownies
"http://www.afamilyfeast.com/bolognese/",Bolognese
"http://www.afamilyfeast.com/boozy-guinness-cupcakes/",Boozy Guinness Cupcakes
"http://www.afamilyfeast.com/boston-baked-beans/",Boston Baked Beans
"http://www.afamilyfeast.com/bourbon-barbecue-sauce/",Bourbon Barbecue Sauce
"http://www.afamilyfeast.com/bourbon-poached-peaches/",Bourbon Poached Peaches
"http://www.afamilyfeast.com/bourbon-spice-barbecue-chicken-wings/",Bourbon Spice Barbecue Chicken Wings
"http://www.afamilyfeast.com/bourbon-truffles/",Bourbon Truffles
"http://www.afamilyfeast.com/boursin-cheese/",Boursin Cheese
"http://www.afamilyfeast.com/braised-beef-over-egg-noodles/",Braised Beef Over Egg Noodles
"http://www.afamilyfeast.com/braised-cabbage-apples/",Braised Cabbage and Apples
"http://www.afamilyfeast.com/braised-chicken-limoncello-green-beans/",Braised Chicken Limoncello with Green Beans
"http://www.afamilyfeast.com/braised-mustard-carrots/",Braised Mustard Carrots
"http://www.afamilyfeast.com/bratwurst-and-sauerkraut/",Bratwurst and Sauerkraut
"http://www.afamilyfeast.com/breakfast-burritos/",Breakfast Burritos
"http://www.afamilyfeast.com/brew-moon-chocolate-pudding/",Brew Moon Chocolate Pudding
"http://www.afamilyfeast.com/broccoli-and-bacon-salad/",Broccoli and Bacon Salad
"http://www.afamilyfeast.com/broccoli-rabe/",Broccoli Rabe
"http://www.afamilyfeast.com/brodo/",Brodo
"http://www.afamilyfeast.com/brown-sugar-cookies/",Brown Sugar Cookies
"http://www.afamilyfeast.com/brussels-sprouts-and-bacon-pizza/",Brussels Sprouts and Bacon Pizza
"http://www.afamilyfeast.com/bubble-and-squeak-with-ham/",Bubble and Squeak with Ham
"http://www.afamilyfeast.com/buffalo-chicken-arancini/",Buffalo Chicken Arancini
"http://www.afamilyfeast.com/buffalo-chicken-dip/",Buffalo Chicken Dip
"http://www.afamilyfeast.com/buffalo-chicken-nachos/",Buffalo Chicken Nachos
"http://www.afamilyfeast.com/buffalo-chicken-pizza/",Buffalo Chicken Pizza
"http://www.afamilyfeast.com/bulgogi-korean-beef-barbecue/",Bulgogi (Korean Beef Barbecue)
"http://www.afamilyfeast.com/bulgogi-egg-rolls-new-west-knifeworks-giveaway/",Bulgogi Egg Rolls and New West KnifeWorks Giveaway {closed}
"http://www.afamilyfeast.com/butter-chicken-panini/",Butter Chicken Panini
"http://www.afamilyfeast.com/buttermilk-corn-muffins/",Buttermilk Corn Muffins
"http://www.afamilyfeast.com/butternut-squash-and-chicken-chowder/",Butternut Squash and Chicken Chowder
"http://www.afamilyfeast.com/butternut-squash-and-sausage-chili/",Butternut Squash and Sausage Chili
"http://www.afamilyfeast.com/butternut-squash-parmesan-with-linguine/",Butternut Squash Parmesan with Linguine
"http://www.afamilyfeast.com/butternut-squash-pasta-sauce/",Butternut Squash Pasta Sauce
"http://www.afamilyfeast.com/butternut-squash-puree/",Butternut Squash Purée (Prepared 3 Ways)
"http://www.afamilyfeast.com/butternut-squash-risotto/",Butternut Squash Risotto
"http://www.afamilyfeast.com/butternut-squash-rainbow-quinoa/",Butternut Squash with Rainbow Quinoa
"http://www.afamilyfeast.com/cacio-e-pepe-spaghetti-squash/",Cacio e Pepe Spaghetti Squash
"http://www.afamilyfeast.com/caesar-salad-with-grilled-caesar-chicken/",Caesar Salad with Grilled Caesar Chicken
"http://www.afamilyfeast.com/candied-cashews/",Candied Cashews
"http://www.afamilyfeast.com/caponata/",Caponata
"http://www.afamilyfeast.com/caprese-salad/",Caprese Salad
"http://www.afamilyfeast.com/cara-cara-beet-salad/",Cara Cara Beet Salad
"http://www.afamilyfeast.com/caramelized-onion-dip/",Caramelized Onion Dip
"http://www.afamilyfeast.com/caramelized-pineapple-topping/",Caramelized Pineapple Topping
"http://www.afamilyfeast.com/carnitas/",Carnitas
"http://www.afamilyfeast.com/carrot-ginger-soup/",Carrot and Ginger Soup
"http://www.afamilyfeast.com/carrot-cupcakes-with-ginger-orange-cream-cheese-frosting/",Carrot Cupcakes with Ginger-Orange Cream Cheese Frosting
"http://www.afamilyfeast.com/carrot-salad/",Carrot Salad
"http://www.afamilyfeast.com/carrots-herbes-de-provence/",Carrots with Herbes de Provence
"http://www.afamilyfeast.com/cashew-cookie-balls/",Cashew Cookie Balls
"http://www.afamilyfeast.com/cashew-cranberry-crunch-muffins/",Cashew Cranberry Crunch Muffins
"http://www.afamilyfeast.com/cashew-frosted-brownies/",Cashew Frosted Brownies
"http://www.afamilyfeast.com/cashew-milk/",Cashew Milk
"http://www.afamilyfeast.com/cassata-ricotta-sponge-cake-with-ricotta/",Cassata Ricotta (Sponge Cake with Ricotta)
"http://www.afamilyfeast.com/catalina-dressing/",Catalina Dressing
"http://www.afamilyfeast.com/cauliflower-puree/",Cauliflower Purée
"http://www.afamilyfeast.com/cemita-pulled-pork-pizza/",Cemita Pulled Pork Pizza
"http://www.afamilyfeast.com/ceviche-salmon-peas-triscuit-crackers/",Ceviche Salmon and Peas on Triscuit Crackers
"http://www.afamilyfeast.com/chai-coconut-chicken-strips/",Chai Coconut Chicken Strips
"http://www.afamilyfeast.com/chai-spice-mix/",Chai Spice Mix
"http://www.afamilyfeast.com/chai-sugar-cookie-squares/",Chai Sugar Cookie Squares
"http://www.afamilyfeast.com/chai-tea-smoothie/",Chai Tea Smoothie
"http://www.afamilyfeast.com/champagne-cosmos/",Champagne Cosmos
"http://www.afamilyfeast.com/cheddar-topped-shepherds-pie/",Cheddar Topped Shepherd’s Pie
"http://www.afamilyfeast.com/cheeseburger-pie/",Cheeseburger Pie
"http://www.afamilyfeast.com/cheesesteak-egg-rolls/",Cheesesteak Egg Rolls
"http://www.afamilyfeast.com/cheesy-baked-stuffed-cod/",Cheesy Baked Stuffed Cod
"http://www.afamilyfeast.com/cheesy-smoked-sausage-skillet/",Cheesy Smoked Sausage Skillet
"http://www.afamilyfeast.com/chefs-salad/",Chef&#8217;s Salad
"http://www.afamilyfeast.com/chesapeake-salsa/",Chesapeake Salsa
"http://www.afamilyfeast.com/chick-pea-and-green-bean-salad/",Chick Pea and Green Bean Salad
"http://www.afamilyfeast.com/chicken-alla-boscaiola/",Chicken alla Boscaiola
"http://www.afamilyfeast.com/chicken-and-apples-in-honey-mustard-sauce/",Chicken and Apples in Honey Mustard Sauce
"http://www.afamilyfeast.com/chicken-and-linguica-sheet-pan-dinner/",Chicken and Linguica Sheet Pan Dinner
"http://www.afamilyfeast.com/chicken-bellagio/",Chicken Bellagio
"http://www.afamilyfeast.com/chicken-breasts-mushroom-onion-dijon-sauce/",Chicken Breasts with Mushroom and Onion Dijon Sauce
"http://www.afamilyfeast.com/chicken-broccoli-pasta-bake/",Chicken Broccoli Pasta Bake
"http://www.afamilyfeast.com/chicken-cacciatore/",Chicken Cacciatore
"http://www.afamilyfeast.com/chicken-cakes/",Chicken Cakes
"http://www.afamilyfeast.com/chicken-carbonara/",Chicken Carbonara
"http://www.afamilyfeast.com/chicken-chimichangas/",Chicken Chimichangas
"http://www.afamilyfeast.com/chicken-cordon-bleu/",Chicken Cordon Bleu
"http://www.afamilyfeast.com/chicken-cordon-bleu-sliders-sargentocheese-take-a-real-lunch-ad/",Chicken Cordon Bleu Sliders
"http://www.afamilyfeast.com/chicken-corn-chowder/",Chicken Corn Chowder
"http://www.afamilyfeast.com/chicken-enchiladas-with-white-sauce/",Chicken Enchiladas with White Sauce
"http://www.afamilyfeast.com/chicken-escalope-mushroom-sauce/",Chicken Escalope with Mushroom Sauce
"http://www.afamilyfeast.com/chicken-liver-pate/",Chicken Liver Pâté
"http://www.afamilyfeast.com/chicken-marbella/",Chicken Marbella
"http://www.afamilyfeast.com/chicken-marsala/",Chicken Marsala
"http://www.afamilyfeast.com/chicken-noodle-soup-new-york-penicillin/",Chicken Noodle Soup (New York Penicillin)
"http://www.afamilyfeast.com/chicken-pepper-bacon-melts/",Chicken Pepper Bacon Melts
"http://www.afamilyfeast.com/chicken-piccata/",Chicken Piccata
"http://www.afamilyfeast.com/chicken-pizzaiola/",Chicken Pizzaiola
"http://www.afamilyfeast.com/chicken-stock/",Chicken Stock
"http://www.afamilyfeast.com/chicken-with-pignoli-crust/",Chicken with Pignoli Crust
"http://www.afamilyfeast.com/chicken-sweet-sour-plum-sauce/",Chicken with Sweet and Sour Plum Sauce
"http://www.afamilyfeast.com/chicken-with-vindaloo-spices/",Chicken with Vindaloo Spices
"http://www.afamilyfeast.com/chile-con-queso/",Chile con Queso
"http://www.afamilyfeast.com/chili-cheese-enchiladas/",Chili Cheese Enchiladas
"http://www.afamilyfeast.com/chili-dip/",Chili Dip
"http://www.afamilyfeast.com/chimichurri/",Chimichurri
"http://www.afamilyfeast.com/chinese-fried-walnuts/",Chinese Fried Walnuts
"http://www.afamilyfeast.com/chocolate-almond-biscotti-fbcookieswap/",Chocolate Almond Biscotti {#fbcookieswap}
"http://www.afamilyfeast.com/chocolate-banana-smoothie-vegan-gluten-free/",Chocolate Banana Smoothie (Vegan and Gluten Free)
"http://www.afamilyfeast.com/chocolate-bourbon-pecan-pie/",Chocolate Bourbon Pecan Pie
"http://www.afamilyfeast.com/chocolate-chip-caramel-crumble-bars/",Chocolate Chip Caramel Crumble Bars
"http://www.afamilyfeast.com/chocolate-chip-cookie-dough-bars/",Chocolate Chip Cookie Dough Bars
"http://www.afamilyfeast.com/chocolate-chip-scones/",Chocolate Chip Scones
"http://www.afamilyfeast.com/chocolate-cookie-candy-pretzel-bark/",Chocolate Cookie Candy Pretzel Bark
"http://www.afamilyfeast.com/chocolate-dipped-almond-fingers/",Chocolate Dipped Almond Fingers
"http://www.afamilyfeast.com/chocolate-malted-crinkles/",Chocolate Malted Crinkles
"http://www.afamilyfeast.com/chocolate-malted-ice-cream/",Chocolate Malted Ice Cream
"http://www.afamilyfeast.com/chocolate-malted-mousse/",Chocolate Malted Mousse
"http://www.afamilyfeast.com/chocolate-mint-sugar-wafers/",Chocolate Mint Sugar Wafers
"http://www.afamilyfeast.com/chocolate-nutella-toffee-icebox-cake/",Chocolate Nutella Toffee Icebox Cake
"http://www.afamilyfeast.com/chocolate-peanut-butter-cheesecake-bites/",Chocolate Peanut Butter Cheesecake Bites
"http://www.afamilyfeast.com/chocolate-peanut-butter-cupcakes/",Chocolate Peanut Butter Cupcakes
"http://www.afamilyfeast.com/chocolate-peanut-butter-pie/",Chocolate Peanut Butter Pie
"http://www.afamilyfeast.com/chocolate-peppermint-milkshake/",Chocolate Peppermint Milkshake
"http://www.afamilyfeast.com/chocolate-bourbon-pecan-torte/",Chocolate-Bourbon Pecan Torte
"http://www.afamilyfeast.com/chop-suey-cake/",Chop Suey Cake
"http://www.afamilyfeast.com/chopped-salad-with-pasta/",Chopped Salad with Pasta
"http://www.afamilyfeast.com/christmas-cornmeal-cookies/",Christmas Cornmeal Cookies
"http://www.afamilyfeast.com/christmas-crunchies/",Christmas Crunchies
"http://www.afamilyfeast.com/christmas-jam/",Christmas Jam {plus FREE Printable}
"http://www.afamilyfeast.com/christmas-rocks/",Christmas Rocks
"http://www.afamilyfeast.com/cider-glazed-bone-in-pork-roast-with-apple-stuffing/",Cider Glazed Bone-in Pork Roast with Apple Stuffing
"http://www.afamilyfeast.com/cinnamon-chip-biscotti/",Cinnamon Chip Biscotti
"http://www.afamilyfeast.com/cinnamon-raisin-swirl-babka/",Cinnamon Raisin Swirl Babka
"http://www.afamilyfeast.com/cinnamon-roll-bread-pudding-with-bourbon-sauce/",Cinnamon Roll Bread Pudding with Bourbon Sauce
"http://www.afamilyfeast.com/cinnamon-rolls-with-bourbon-soaked-raisins/",Cinnamon Rolls with Bourbon-Soaked Raisins
"http://www.afamilyfeast.com/cioppino/",Cioppino
"http://www.afamilyfeast.com/citrus-chicken-and-rice-soup/",Citrus Chicken and Rice Soup
"http://www.afamilyfeast.com/citrus-grilled-chicken/",Citrus Grilled Chicken
"http://www.afamilyfeast.com/classic-buffalo-wings/",Classic Buffalo Wings
"http://www.afamilyfeast.com/classic-cheesecake/",Classic Cheesecake
"http://www.afamilyfeast.com/classic-egg-salad/",Classic Egg Salad
"http://www.afamilyfeast.com/classic-lasagna/",Classic Lasagna
"http://www.afamilyfeast.com/cocktail-sauce/",Cocktail Sauce
"http://www.afamilyfeast.com/coconut-rice/",Coconut Rice
"http://www.afamilyfeast.com/coconut-shrimp/",Coconut Shrimp
"http://www.afamilyfeast.com/coconut-snowball-cookies/",Coconut Snowball Cookies
"http://www.afamilyfeast.com/cod-fish-cakes/",Cod Fish Cakes
"http://www.afamilyfeast.com/coffee-and-donuts-ice-cream/",Coffee and Donuts Ice Cream
"http://www.afamilyfeast.com/coffee-nut-brittle/",Coffee Nut Brittle
"http://www.afamilyfeast.com/cold-veggie-pizza/",Cold Veggie Pizza
"http://www.afamilyfeast.com/coleslaw/",Coleslaw
"http://www.afamilyfeast.com/condensed-cream-of-chicken-soup/",Condensed Cream of Chicken Soup
"http://www.afamilyfeast.com/condensed-cream-of-mushroom-soup/",Condensed Cream of Mushroom Soup
"http://www.afamilyfeast.com/condensed-milk-pound-cake/",Condensed Milk Pound Cake
"http://www.afamilyfeast.com/confetti-chicken-tacos/",Confetti Chicken Tacos
"http://www.afamilyfeast.com/confetti-corn/",Confetti Corn
"http://www.afamilyfeast.com/copycat-entenmanns-chocolate-chip-cookies/",Copycat Entenmann&#8217;s Chocolate Chip Cookies
"http://www.afamilyfeast.com/copycat-kraft-macaroni-and-cheese/",Copycat Kraft Macaroni and Cheese
"http://www.afamilyfeast.com/copycat-newbridge-cafe-red-wine-vinaigrette/",Copycat NewBridge Café Red Wine Vinaigrette
"http://www.afamilyfeast.com/copycat-willow-tree-chicken-salad/",Copycat Willow Tree Chicken Salad
"http://www.afamilyfeast.com/corn-bacon-casserole/",Corn and Bacon Casserole
"http://www.afamilyfeast.com/corn-chip-chili-bowl/",Corn Chip Chili Bowl
"http://www.afamilyfeast.com/cornbread/",Cornbread
"http://www.afamilyfeast.com/cornbread-sausage-stuffing-2/",Cornbread and Sausage Stuffing
"http://www.afamilyfeast.com/cornbread-sausage-stuffing/",Cornbread Sausage Stuffing
"http://www.afamilyfeast.com/corned-beef-breakfast-hash/",Corned Beef Breakfast Hash
"http://www.afamilyfeast.com/country-baked-chicken/",Country Baked Chicken
"http://www.afamilyfeast.com/couscous-lentils-vegetables/",Couscous with Lentils and Vegetables
"http://www.afamilyfeast.com/crab-cakes/",Crab Cakes
"http://www.afamilyfeast.com/crab-imperial-crostini/",Crab Imperial with Crostini
"http://www.afamilyfeast.com/crab-rangoon/",Crab Rangoon
"http://www.afamilyfeast.com/craisins-pistachio-dark-chocolate-clusters/",Craisins® Pistachio Dark Chocolate Clusters
"http://www.afamilyfeast.com/cranberry-almond-coconut-macaroons/",Cranberry Almond Coconut Macaroons
"http://www.afamilyfeast.com/cranberry-apple-clafoutis/",Cranberry Apple Clafoutis
"http://www.afamilyfeast.com/cranberry-barbecue-sauce/",Cranberry Barbecue Sauce
"http://www.afamilyfeast.com/cranberry-barbecue-turkey-pizza/",Cranberry Barbecue Turkey Pizza
"http://www.afamilyfeast.com/cranberry-buffalo-wings/",Cranberry Buffalo Wings
"http://www.afamilyfeast.com/cranberry-ginger-upside-down-cake-with-rum-whipped-cream/",Cranberry Ginger Upside Down Cake with Rum Whipped Cream
"http://www.afamilyfeast.com/cranberry-orange-relish/",Cranberry Orange Relish
"http://www.afamilyfeast.com/cranberry-orange-scones/",Cranberry Orange Scones
"http://www.afamilyfeast.com/cranberry-orange-sorbet/",Cranberry Orange Sorbet
"http://www.afamilyfeast.com/cranberry-pistachio-biscotti/",Cranberry Pistachio Biscotti
"http://www.afamilyfeast.com/cranberry-sauce/",Cranberry Sauce
"http://www.afamilyfeast.com/cranberry-squash-dinner-rolls/",Cranberry Squash Dinner Rolls
"http://www.afamilyfeast.com/cranberry-walnut-oatmeal-cookies/",Cranberry Walnut Oatmeal Cookies
"http://www.afamilyfeast.com/cranberry-walnut-tart/",Cranberry Walnut Tart
"http://www.afamilyfeast.com/cream-cheese-crumb-bars/",Cream Cheese Crumb Bars
"http://www.afamilyfeast.com/cream-cheese-muffins/",Cream Cheese Muffins
"http://www.afamilyfeast.com/cream-cheese-scallion-bacon-ritzwich/",Cream Cheese, Scallion and Bacon RITZwich
"http://www.afamilyfeast.com/cream-of-turkey-soup/",Cream of Turkey Soup
"http://www.afamilyfeast.com/cream-turkey-soup-fennel-apple/",Cream of Turkey Soup with Fennel and Apple
"http://www.afamilyfeast.com/creamed-salmon-and-peas-over-linguini/",Creamed Salmon and Peas Over Linguini
"http://www.afamilyfeast.com/creamed-spinach/",Creamed Spinach
"http://www.afamilyfeast.com/creamed-turkey-toast/",Creamed Turkey on Toast
"http://www.afamilyfeast.com/creamed-vidalia-onions-pastry/",Creamed Vidalia Onions in Pastry
"http://www.afamilyfeast.com/creamy-chicken-rice-soup/",Creamy Chicken and Rice Soup
"http://www.afamilyfeast.com/creamy-chicken-queso-dip/",Creamy Chicken Queso Dip
"http://www.afamilyfeast.com/creamy-horseradish-sauce/",Creamy Horseradish Sauce
"http://www.afamilyfeast.com/creamy-melon-granita/",Creamy Melon Granita
"http://www.afamilyfeast.com/creamy-polenta-with-pancetta-and-broccoli-rabe/",Creamy Polenta with Pancetta and Broccoli Rabe
"http://www.afamilyfeast.com/creamy-pumpkin-pasta-bake/",Creamy Pumpkin Pasta Bake
"http://www.afamilyfeast.com/creamy-roasted-tomato-bacon-dip/",Creamy Roasted Tomato Bacon Dip
"http://www.afamilyfeast.com/creamy-summer-squash-casserole/",Creamy Summer Squash Casserole
"http://www.afamilyfeast.com/creamy-tortellini-chicken-sun-dried-tomatoes/",Creamy Tortellini and Chicken with Sun-Dried Tomatoes
"http://www.afamilyfeast.com/creme-brulee/",Crème Brûlée (for Two)
"http://www.afamilyfeast.com/creme-fraiche/",Crème Fraîche
"http://www.afamilyfeast.com/crispy-apple-crusted-pork-chops/",Crispy Apple Crusted Pork Chops
"http://www.afamilyfeast.com/crispy-asian-chicken-wings-ginger-lime-dipping-sauce/",Crispy Asian Chicken Wings with Ginger-Lime Dipping Sauce
"http://www.afamilyfeast.com/crispy-chocolate-biscoff-truffles/",Crispy Chocolate Biscoff Truffles
"http://www.afamilyfeast.com/crispy-creamy-potato-pancakes/",Crispy Creamy Potato Pancakes
"http://www.afamilyfeast.com/crispy-parmesan-chickpeas/",Crispy Parmesan Chickpeas
"http://www.afamilyfeast.com/crispy-pretzel-chicken-parmesan-honey-mustard-sauce/",Crispy Pretzel Chicken with Parmesan Honey Mustard Sauce
"http://www.afamilyfeast.com/crispy-zaletti-cookies/",Crispy Zaletti Cookies
"http://www.afamilyfeast.com/crumb-crusted-pork-chops-copycat-shake-n-bake/",Crumb-Crusted Pork Chops (Copycat Shake ‘n Bake)
"http://www.afamilyfeast.com/crunchie-munchie-cookies/",Crunchie Munchie Cookies
"http://www.afamilyfeast.com/crunchy-sweet-salty-chicken/",Crunchy Sweet and Salty Chicken
"http://www.afamilyfeast.com/crunchy-vegetable-rice-bowl-warm-peanut-sauce/",Crunchy Vegetable Rice Bowl with Warm Peanut Sauce
"http://www.afamilyfeast.com/crustless-coconut-custard-pie/",Crustless Coconut Custard Pie
"http://www.afamilyfeast.com/crustless-ham-cheddar-quiche/",Crustless Ham and Cheddar Quiche
"http://www.afamilyfeast.com/curried-rice-pilaf-with-red-lentils/",Curried Rice Pilaf With Red Lentils
"http://www.afamilyfeast.com/curried-turkey-and-rice-soup/",Curried Turkey and Rice Soup
"http://www.afamilyfeast.com/deconstructed-stuffed-cabbage/",Deconstructed Stuffed Cabbage
"http://www.afamilyfeast.com/deconstructed-stuffed-peppers/",Deconstructed Stuffed Peppers
"http://www.afamilyfeast.com/del-monte-fruit-burst-yogurt-pops-giveaway/",Del Monte Fruit Burst Yogurt Pops &#038; VISA Gift Card Giveaway {closed}
"http://www.afamilyfeast.com/deluxe-toll-house-mud-bars/",Deluxe Toll House Mud Bars
"http://www.afamilyfeast.com/deviled-eggs/",Deviled Eggs
"http://www.afamilyfeast.com/dinner-party-series-part-1-tuscan-kale-salad-with-oranges-currants-and-feta/",Dinner Party Series &#8211; Part 1: Tuscan Kale Salad with Oranges, Currants and Feta
"http://www.afamilyfeast.com/dinner-party-series-part-3-herb-basted-salmon/",Dinner Party Series &#8211; Part 3: Herb Basted Salmon
"http://www.afamilyfeast.com/dinner-party-series-part-4-almond-orange-cake/",Dinner Party Series &#8211; Part 4: Almond Orange Cake
"http://www.afamilyfeast.com/dinner-party-series-part-2-roasted-root-vegetables/",Dinner Party Series – Part 2: Roasted Root Vegetables
"http://www.afamilyfeast.com/dinner-rolls/",Dinner Rolls
"http://www.afamilyfeast.com/dry-rub-spicy-barbecue-chicken-wings/",Dry Rub Spicy Barbecue Chicken Wings
"http://www.afamilyfeast.com/duchess-sweet-potatoes/",Duchess Sweet Potatoes
"http://www.afamilyfeast.com/easter-pie/",Easter Pie
"http://www.afamilyfeast.com/easy-asian-slaw/",Easy Asian Slaw
"http://www.afamilyfeast.com/easy-blender-chocolate-mousse/",Easy Blender Chocolate Mousse
"http://www.afamilyfeast.com/easy-brunch-egg-cups/",Easy Brunch Egg Cups (&#038; Make-Your-Own Brunch Bar Ideas)
"http://www.afamilyfeast.com/easy-cheesy-potato-casserole/",Easy Cheesy Potato Casserole
"http://www.afamilyfeast.com/easy-chicken-rice/",Easy Chicken &#038; Rice
"http://www.afamilyfeast.com/easy-freezer-meatballs/",Easy Freezer Meatballs
"http://www.afamilyfeast.com/easy-glazed-salmon/",Easy Glazed Salmon
"http://www.afamilyfeast.com/easy-italian-sausage-potato-skillet/",Easy Italian Sausage and Potato Skillet
"http://www.afamilyfeast.com/easy-meat-lovers-pizza/",Easy Meat Lover’s Pizza
"http://www.afamilyfeast.com/easy-napa-cabbage-slaw/",Easy Napa Cabbage Slaw
"http://www.afamilyfeast.com/easy-no-cook-pizza-sauce/",Easy No-Cook Pizza Sauce
"http://www.afamilyfeast.com/easy-tortellini-soup/",Easy Tortellini Soup
"http://www.afamilyfeast.com/easy-zesty-cheese-dip/",Easy Zesty Cheese Dip
"http://www.afamilyfeast.com/egg-free-caesar-dressing/",Egg-Free Caesar Dressing (and Marinade)
"http://www.afamilyfeast.com/eggplant-garlic-pizza/",Eggplant and Garlic Pizza
"http://www.afamilyfeast.com/eggplant-fries-with-marinara-sauce/",Eggplant Fries with Marinara Sauce
"http://www.afamilyfeast.com/eggplant-parmesan/",Eggplant Parmesan
"http://www.afamilyfeast.com/enchilada-sauce/",Enchilada Sauce
"http://www.afamilyfeast.com/english-style-fish-chips/",English-Style Fish and Chips
"http://www.afamilyfeast.com/espresso-black-bottom-pie/",Espresso Black Bottom Pie
"http://www.afamilyfeast.com/espresso-martini/",Espresso Martini
"http://www.afamilyfeast.com/everyday-asian-dressing/",Everyday Asian Dressing
"http://www.afamilyfeast.com/everyday-steak-tips/",Everyday Steak Tips
"http://www.afamilyfeast.com/fall-fruit-pie/",Fall Fruit Pie
"http://www.afamilyfeast.com/fall-harvest-vegetarian-corn-butternut-chowder/",Fall Harvest Vegetarian Corn and Butternut Chowder
"http://www.afamilyfeast.com/famous-queso-dip-giveaway/",Famous Queso Dip &#038; $100 Gift Card Giveaway {closed}
"http://www.afamilyfeast.com/farm-box-vegetable-egg-rolls/",Farm Box Vegetable Egg Rolls
"http://www.afamilyfeast.com/farro-salad-with-grapes-goat-cheese-and-tarragon-vinaigrette/",Farro Salad with Grapes, Goat Cheese and Tarragon Vinaigrette
"http://www.afamilyfeast.com/farro-butternut-squash-baby-kale/",Farro with Butternut Squash and Baby Kale
"http://www.afamilyfeast.com/favorite-vinaigrette/",Favorite Vinaigrette
"http://www.afamilyfeast.com/fennel-and-apple-slaw/",Fennel and Apple Slaw
"http://www.afamilyfeast.com/festive-jell-o-popcorn-balls/",Festive JELL-O Popcorn Balls
"http://www.afamilyfeast.com/festive-pineapple-cranberry-punch-and-ice-ring/",Festive Pineapple Cranberry Punch (and Ice Ring)
"http://www.afamilyfeast.com/fettuccine-cream-tomato-basil-sauce/",Fettuccine in Cream, Tomato &#038; Basil Sauce
"http://www.afamilyfeast.com/fiesta-style-cranberry-sauce/",Fiesta Style Cranberry Sauce
"http://www.afamilyfeast.com/fig-bar-cookies/",Fig Bar Cookies
"http://www.afamilyfeast.com/filet-mignon-mushroom-sauce/",Filet Mignon with Mushroom Sauce
"http://www.afamilyfeast.com/filipino-beans-rice/",Filipino Beans and Rice
"http://www.afamilyfeast.com/filipino-picadillo/",Filipino Picadillo
"http://www.afamilyfeast.com/fire-roasted-tomato-barley-risotto/",Fire Roasted Tomato and Barley Risotto
"http://www.afamilyfeast.com/fish-tacos/",Fish Tacos
"http://www.afamilyfeast.com/flaxseed-twisty-sticks/",Flaxseed Twisty Sticks
"http://www.afamilyfeast.com/flourless-peanut-butter-cookies-with-sea-salt/",Flourless Peanut Butter Cookies with Sea Salt
"http://www.afamilyfeast.com/focaccia/",Focaccia
"http://www.afamilyfeast.com/forbidden-rice-pilaf/",Forbidden Rice Pilaf
"http://www.afamilyfeast.com/french-dressing/",French Dressing
"http://www.afamilyfeast.com/french-onion-soup/",French Onion Soup
"http://www.afamilyfeast.com/fresh-apple-torte/",Fresh Apple Torte
"http://www.afamilyfeast.com/fresh-carrots-with-butter-and-dill/",Fresh Carrots with Butter and Dill
"http://www.afamilyfeast.com/fresh-cherry-and-spiced-rum-cocktail/",Fresh Cherry and Spiced Rum Cocktail
"http://www.afamilyfeast.com/fresh-cherry-sauce/",Fresh Cherry Sauce
"http://www.afamilyfeast.com/fresh-pineapple-peach-smoothie/",Fresh Pineapple Peach Smoothie
"http://www.afamilyfeast.com/fresh-strawberry-yogurt-cake/",Fresh Strawberry Yogurt Cake
"http://www.afamilyfeast.com/fresh-tomato-au-gratin/",Fresh Tomato Au Gratin
"http://www.afamilyfeast.com/fresh-vegetable-pasta-salad/",Fresh Vegetable Pasta Salad
"http://www.afamilyfeast.com/fried-green-tomatoes/",Fried Green Tomatoes
"http://www.afamilyfeast.com/fried-manchego-cheese-with-apricot-sage-dipping-sauce/",Fried Manchego Cheese with Apricot-Sage Dipping Sauce
"http://www.afamilyfeast.com/fruit-and-cheese-ball/",Fruit and Cheese Ball
"http://www.afamilyfeast.com/fruit-cucumber-salsa/",Fruit and Cucumber Salsa
"http://www.afamilyfeast.com/fruit-and-nut-oatmeal-breakfast-cups/",Fruit and Nut Oatmeal Breakfast Cups
"http://www.afamilyfeast.com/garden-tomato-compote/",Garden Tomato Compote
"http://www.afamilyfeast.com/garden-vegetable-ragout/",Garden Vegetable Ragout
"http://www.afamilyfeast.com/garden-vegetable-ratatouille/",Garden Vegetable Ratatouille
"http://www.afamilyfeast.com/garlic-bread/",Garlic Bread
"http://www.afamilyfeast.com/garlic-lemon-shrimp-savory-root-vegetable-rice-pilaf/",Garlic Lemon Shrimp with Savory Root Vegetable Rice Pilaf
"http://www.afamilyfeast.com/garlicky-tuscan-kale/",Garlicky Tuscan Kale
"http://www.afamilyfeast.com/gazpacho/",Gazpacho
"http://www.afamilyfeast.com/ginger-maple-sweet-potato-casserole/",Ginger Maple Sweet Potato Casserole
"http://www.afamilyfeast.com/ginger-molasses-cookies-cherry-cream-filling/",Ginger Molasses Cookies with Cherry Cream Filling
"http://www.afamilyfeast.com/glazed-fig-salad-with-prosciutto-and-feta-cheese/",Glazed Fig Salad with Prosciutto and Feta Cheese
"http://www.afamilyfeast.com/glenns-sweet-spicy-slow-cooker-chili/",Glenn’s Sweet &#038; Spicy Slow Cooker Chili
"http://www.afamilyfeast.com/gluten-free-flat-bread/",Gluten Free Flat Bread
"http://www.afamilyfeast.com/gluten-free-veggie-burgers/",Gluten Free Veggie Burgers
"http://www.afamilyfeast.com/goat-cheese-pesto-and-sun-dried-tomato-terrine/",Goat Cheese, Pesto and Sun-Dried Tomato Terrine
"http://www.afamilyfeast.com/golden-crusted-baked-chicken/",Golden Crusted Baked Chicken
"http://www.afamilyfeast.com/gooey-ginger-chicken/",Gooey Ginger Chicken
"http://www.afamilyfeast.com/grampas-firehouse-chicken/",Grampa&#8217;s Firehouse Chicken
"http://www.afamilyfeast.com/grandma-gennacos-beef-braciole/",Grandma Gennaco&#8217;s Beef Braciole
"http://www.afamilyfeast.com/granola-chocolate-chip-cookies/",Granola Chocolate Chip Cookies
"http://www.afamilyfeast.com/grape-nuts-bread/",Grape-Nuts Bread
"http://www.afamilyfeast.com/grapenut-pudding-with-fig-sauce/",Grapenut Pudding with Fig Sauce
"http://www.afamilyfeast.com/great-grains-chewy-breakfast-bars/",Great Grains Chewy Breakfast Bars
"http://www.afamilyfeast.com/greek-chicken-roulade/",Greek Chicken Roulade
"http://www.afamilyfeast.com/greek-lemon-chicken-soup-with-orzo/",Greek Lemon Chicken Soup with Orzo
"http://www.afamilyfeast.com/greek-rice-spanakorizo/",Greek Rice (Spanakorizo)
"http://www.afamilyfeast.com/greek-salad-dressing/",Greek Salad Dressing
"http://www.afamilyfeast.com/greek-salad-with-meat/",Greek Salad with Meat
"http://www.afamilyfeast.com/greek-spinach-with-white-beans-and-feta/",Greek Spinach with White Beans and Feta
"http://www.afamilyfeast.com/greek-yogurt-panna-cotta/",Greek Yogurt Panna Cotta
"http://www.afamilyfeast.com/green-bean-casserole/",Green Bean Casserole
"http://www.afamilyfeast.com/green-beans-almondine/",Green Beans Almondine
"http://www.afamilyfeast.com/green-beans-with-tarragon/",Green Beans with Tarragon
"http://www.afamilyfeast.com/green-tomato-soup-black-forest-ham/",Green Tomato Soup with Black Forest Ham
"http://www.afamilyfeast.com/grilled-balsamic-peaches/",Grilled Balsamic Peaches
"http://www.afamilyfeast.com/grilled-bananas-and-pineapple-with-rum-molasses-glaze/",Grilled Bananas and Pineapple with Rum-Molasses Glaze
"http://www.afamilyfeast.com/grilled-basil-garlic-chicken-breasts/",Grilled Basil Garlic Chicken Breasts
"http://www.afamilyfeast.com/grilled-chicken-calzones/",Grilled Chicken Calzones
"http://www.afamilyfeast.com/grilled-chicken-club-with-rosemary-aioli/",Grilled Chicken Club with Rosemary Aioli
"http://www.afamilyfeast.com/grilled-chicken-roasted-vegetables-whole-wheat-couscous/",Grilled Chicken with Roasted Vegetables and Whole Wheat Couscous
"http://www.afamilyfeast.com/grilled-corn-and-tomato-salsa/",Grilled Corn and Tomato Salsa
"http://www.afamilyfeast.com/grilled-corn-on-the-cob-with-roasted-red-pepper-butter/",Grilled Corn on the Cob with Roasted Red Pepper Butter
"http://www.afamilyfeast.com/grilled-graffiti-eggplant/",Grilled Graffiti Eggplant
"http://www.afamilyfeast.com/grilled-italian-vegetable-napoleons-basil-oil/",Grilled Italian Vegetable Napoleons with Basil Oil
"http://www.afamilyfeast.com/grilled-kielbasa-rolls/",Grilled Kielbasa Rolls with White Barbecue Sauce
"http://www.afamilyfeast.com/grilled-marinated-chicken-with-tropical-salsa/",Grilled Marinated Chicken with Tropical Salsa
"http://www.afamilyfeast.com/grilled-pineapple-salsa/",Grilled Pineapple Salsa
"http://www.afamilyfeast.com/grilled-polenta-bacon-jam/",Grilled Polenta with Bacon Jam
"http://www.afamilyfeast.com/grilled-romaine-hearts-and-pears-with-bleu-cheese/",Grilled Romaine Hearts and Pears with Bleu Cheese
"http://www.afamilyfeast.com/grilled-seasonal-vegetables-infused-oils/",Grilled Seasonal Vegetables with Infused Oils
"http://www.afamilyfeast.com/grilled-steak-corn-salad/",Grilled Steak and Corn Salad
"http://www.afamilyfeast.com/grilled-summer-vegetable-salad/",Grilled Summer Vegetable Salad
"http://www.afamilyfeast.com/grilled-sweet-potato-salad-with-sweet-and-sour-bacon-dressing/",Grilled Sweet Potato Salad with Sweet and Sour Bacon Dressing
"http://www.afamilyfeast.com/grilled-vegetable-tostadas/",Grilled Vegetable Tostadas
"http://www.afamilyfeast.com/grilled-watermelon-bites/",Grilled Watermelon Bites
"http://www.afamilyfeast.com/grilled-yellow-potatoes-mustard-sauce/",Grilled Yellow Potatoes with Mustard Sauce
"http://www.afamilyfeast.com/grilled-zucchini-salad/",Grilled Zucchini Salad
"http://www.afamilyfeast.com/ground-beef-tacos/",Ground Beef Tacos
"http://www.afamilyfeast.com/guacamole/",Guacamole
"http://www.afamilyfeast.com/halloween-thumbprint-cookies/",Halloween Thumbprint Cookies
"http://www.afamilyfeast.com/haluski-fried-cabbage-noodles/",Haluski (Fried Cabbage and Noodles)
"http://www.afamilyfeast.com/ham-cheese-breakfast-casserole/",Ham and Cheese Breakfast Casserole
"http://www.afamilyfeast.com/ham-and-swiss-quiche/",Ham and Swiss Quiche
"http://www.afamilyfeast.com/ham-vegetable-soup/",Ham and Vegetable Soup
"http://www.afamilyfeast.com/ham-salad/",Ham Salad
"http://www.afamilyfeast.com/hamburger-cheese-bake/",Hamburger Cheese Bake
"http://www.afamilyfeast.com/beef-soup-series-part-4-hamburger-soup/",Hamburger Soup
"http://www.afamilyfeast.com/hartford-election-cake/",Hartford Election Cake
"http://www.afamilyfeast.com/hash-brown-crusted-salmon/",Hash Brown Crusted Salmon
"http://www.afamilyfeast.com/hash-browns-breakfast-stacks/",Hash Browns Breakfast Stacks
"http://www.afamilyfeast.com/hawaiian-french-toast-pineapple-mascarpone/",Hawaiian French Toast with Pineapple and Mascarpone
"http://www.afamilyfeast.com/hazelnut-affogato/",Hazelnut Affogato
"http://www.afamilyfeast.com/hazelnut-truffles/",Hazelnut Truffles
"http://www.afamilyfeast.com/healthy-golden-flax-breakfast-cookies/",Healthy Golden Flax Breakfast Cookies
"http://www.afamilyfeast.com/healthy-whole-wheat-muffins/",Healthy Whole Wheat Muffins
"http://www.afamilyfeast.com/hearty-vegetable-soup/",Hearty Vegetable Soup
"http://www.afamilyfeast.com/herb-crusted-grilled-pork-tenderloin-crispy-shallots/",Herb Crusted Grilled Pork Tenderloin with Crispy Shallots
"http://www.afamilyfeast.com/herb-infused-oil/",Herb-Infused Oil
"http://www.afamilyfeast.com/herbed-boiled-potatoes/",Herbed Boiled Potatoes
"http://www.afamilyfeast.com/herbed-tomatoes/",Herbed Tomatoes
"http://www.afamilyfeast.com/hermits/",Hermits
"http://www.afamilyfeast.com/holiday-chicken-soup/",Holiday Chicken Soup
"http://www.afamilyfeast.com/holiday-gift-guide-great-gifts-for-foodies/",Holiday Gift Guide: 20+ Great Gifts for Foodies
"http://www.afamilyfeast.com/homemade-baking-mix/",Homemade Baking Mix
"http://www.afamilyfeast.com/homemade-ketchup/",Homemade Ketchup
"http://www.afamilyfeast.com/homemade-magic-shell/",Homemade Magic Shell
"http://www.afamilyfeast.com/homemade-mayonnaise/",Homemade Mayonnaise
"http://www.afamilyfeast.com/homemade-multigrain-cereal/",Homemade Multigrain Cereal
"http://www.afamilyfeast.com/homemade-nutella/",Homemade Nutella
"http://www.afamilyfeast.com/homemade-steak-sauce/",Homemade Steak Sauce
"http://www.afamilyfeast.com/homemade-tater-tots/",Homemade Tater Tots
"http://www.afamilyfeast.com/homemade-tomato-juice/",Homemade Tomato Juice
"http://www.afamilyfeast.com/honey-dijon-ranch-dressing/",Honey Dijon Ranch Dressing
"http://www.afamilyfeast.com/honey-mustard-soy-glazed-chicken-wings/",Honey Mustard Soy Glazed Chicken Wings
"http://www.afamilyfeast.com/honeydew-melon-smoothie/",Honeydew Melon Smoothie
"http://www.afamilyfeast.com/hoppin-john-with-kale/",Hoppin&#8217; John with Kale
"http://www.afamilyfeast.com/horchata/",Horchata
"http://www.afamilyfeast.com/hot-crab-dip-crostini/",Hot Crab Dip with Crostini
"http://www.afamilyfeast.com/hot-fudge-pudding-cake/",Hot Fudge Pudding Cake
"http://www.afamilyfeast.com/hummus-with-caramelized-cauliflower-and-onions/",Hummus with Caramelized Cauliflower and Onions
"http://www.afamilyfeast.com/hungry-grilled-romaine-salad-pompeian-olive-oil/",Hungry Grilled Romaine Salad
"http://www.afamilyfeast.com/iced-gingerbread-cookies-virtual-cookie-exchange/",Iced Gingerbread Cookies {Virtual Cookie Exchange}
"http://www.afamilyfeast.com/indian-pudding/",Indian Pudding
"http://www.afamilyfeast.com/individual-beef-pot-pies/",Individual Beef Pot Pies
"http://www.afamilyfeast.com/israeli-couscous-salad-with-mediterranean-roasted-vegetables/",Israeli Couscous Salad with Mediterranean Roasted Vegetables
"http://www.afamilyfeast.com/israeli-couscous-with-chicken-and-peas/",Israeli Couscous with Chicken and Peas
"http://www.afamilyfeast.com/peanut-butter-jelly-recipes/",It&#8217;s Peanut Butter Jelly Time&#8230; With Recipes!
"http://www.afamilyfeast.com/italian-anisette-cookies/",Italian Anisette Cookies
"http://www.afamilyfeast.com/italian-cheesy-bread/",Italian Cheesy Bread
"http://www.afamilyfeast.com/italian-chicken-soup-with-meatballs-and-escarole/",Italian Chicken Soup with Meatballs and Escarole
"http://www.afamilyfeast.com/italian-chili/",Italian Chili
"http://www.afamilyfeast.com/italian-cold-cut-lasagna-rollups/",Italian Cold Cut Lasagna Rollups
"http://www.afamilyfeast.com/italian-easter-bread/",Italian Easter Bread (Pane di Pasqua)
"http://www.afamilyfeast.com/italian-fish-chowder/",Italian Fish Chowder
"http://www.afamilyfeast.com/italian-fish-stew/",Italian Fish Stew
"http://www.afamilyfeast.com/italian-ricotta-pie/",Italian Ricotta Pie
"http://www.afamilyfeast.com/italian-sausage-and-eggplant-tailgate-dip/",Italian Sausage and Eggplant Tailgate Dip
"http://www.afamilyfeast.com/italian-sausage-and-rice-dressing-with-kale-and-cranberries/",Italian Sausage and Rice Dressing with Kale and Cranberries
"http://www.afamilyfeast.com/italian-sausage-sub-with-toasted-fennel-aioli/",Italian Sausage Sub with Toasted Fennel Aioli
"http://www.afamilyfeast.com/italian-tomato-sauce/",Italian Tomato Sauce
"http://www.afamilyfeast.com/italian-tortellini-salad/",Italian Tortellini Salad
"http://www.afamilyfeast.com/italian-zucchini-bread/",Italian Zucchini Bread
"http://www.afamilyfeast.com/italian-style-meatballs/",Italian-Style Meatballs
"http://www.afamilyfeast.com/jacks-apple-pudding/",Jack&#8217;s Apple Pudding
"http://www.afamilyfeast.com/jacks-chili/",Jack&#8217;s Chili
"http://www.afamilyfeast.com/jacks-meatloaf-with-gravy/",Jack&#8217;s Meatloaf With Gravy
"http://www.afamilyfeast.com/jacks-potato-salad/",Jack&#8217;s Potato Salad
"http://www.afamilyfeast.com/jones-scrapple-cornbread-stuffing/",Jones Scrapple Cornbread Stuffing
"http://www.afamilyfeast.com/jordan-pond-popovers/",Jordan Pond Popovers
"http://www.afamilyfeast.com/kale-shiitake-mushroom-soup-ginger-sesame-lavash-crackers-mccormick-gourmet-recipe-challenge-ad/",Kale and Shiitake Mushroom Soup with Ginger Sesame Lavash Crackers
"http://www.afamilyfeast.com/kale-puttanesca/",Kale Puttanesca
"http://www.afamilyfeast.com/kapusta-polish-cabbage-soup/",Kapusta (Polish Cabbage Soup)
"http://www.afamilyfeast.com/kathys-chocolate-chocolate-chip-cake/",Kathy’s Chocolate Chocolate Chip Cake
"http://www.afamilyfeast.com/key-lime-ice-cream-graham-cracker-pistachio-crumb-topping/",Key Lime Ice Cream with Graham Cracker Pistachio Crumb Topping
"http://www.afamilyfeast.com/key-lime-torte/",Key Lime Torte
"http://www.afamilyfeast.com/kielbasa-pineapple-spiced-candy/",Kielbasa and Pineapple Spiced “Candy”
"http://www.afamilyfeast.com/kielbasa-and-red-cabbage-skillet-with-apples/",Kielbasa and Red Cabbage Skillet with Apples
"http://www.afamilyfeast.com/kielbasa-reuben/",Kielbasa Reuben
"http://www.afamilyfeast.com/kofta/",Kofta
"http://www.afamilyfeast.com/korean-barbecue-chicken-wings/",Korean Barbecue Chicken Wings
"http://www.afamilyfeast.com/korean-style-marinated-cucumbers/",Korean-Style Marinated Cucumbers
"http://www.afamilyfeast.com/lamb-eggplant-crostini-salad/",Lamb and Eggplant Crostini with Salad
"http://www.afamilyfeast.com/lamb-tomato-and-barley-soup/",Lamb, Tomato and Barley Soup
"http://www.afamilyfeast.com/lazanki-with-mushrooms-and-beef/",Lazanki with Mushrooms and Beef
"http://www.afamilyfeast.com/lemon-almond-tea-cookies/",Lemon Almond Tea Cookies
"http://www.afamilyfeast.com/lemon-bars/",Lemon Bars
"http://www.afamilyfeast.com/lemon-blueberry-cream-pie/",Lemon Blueberry Cream Pie
"http://www.afamilyfeast.com/lemon-curd/",Lemon Curd
"http://www.afamilyfeast.com/lemon-dill-compound-butter/",Lemon Dill Compound Butter
"http://www.afamilyfeast.com/lemon-ginger-poppy-seed-biscotti/",Lemon Ginger Poppy Seed Biscotti
"http://www.afamilyfeast.com/lemon-iced-tea-loaf/",Lemon Iced Tea Loaf
"http://www.afamilyfeast.com/lemon-meringue-pie-fudge-dessert-mash-ups-cookbook-giveaway/",Lemon Meringue Pie Fudge &#038; Dessert Mash-Ups Cookbook Giveaway {closed}
"http://www.afamilyfeast.com/lemon-mousse-cups/",Lemon Mousse Cups
"http://www.afamilyfeast.com/lemon-oreo-cheesecake-bars/",Lemon Oreo Cheesecake Bars
"http://www.afamilyfeast.com/lemon-pasta/",Lemon Pasta
"http://www.afamilyfeast.com/lemon-ricotta-pancakes/",Lemon Ricotta Pancakes
"http://www.afamilyfeast.com/lemon-rosemary-chicken/",Lemon Rosemary Chicken
"http://www.afamilyfeast.com/lemon-star-cookies/",Lemon Star Cookies
"http://www.afamilyfeast.com/lemon-ginger-broccoli/",Lemon-Ginger Broccoli
"http://www.afamilyfeast.com/lemon-glazed-swordfish-skewers-rice/",Lemon-Glazed Swordfish Skewers Over Rice
"http://www.afamilyfeast.com/lentils-with-brown-rice-and-feta/",Lentils with Brown Rice and Feta
"http://www.afamilyfeast.com/lidias-rice-and-zucchini-crostata/",Lidia’s Rice and Zucchini Crostata
"http://www.afamilyfeast.com/lime-coriander-tofu-mayonnaise/",Lime and Coriander Tofu Mayonnaise
"http://www.afamilyfeast.com/linguine-with-sun-dried-tomatoes-and-brie/",Linguine with Sun Dried Tomatoes and Brie
"http://www.afamilyfeast.com/linguini-clam-sauce-basque-style/",Linguini with Clam Sauce – Basque-Style
"http://www.afamilyfeast.com/littlenecks-fennel-broth/",Littlenecks in Fennel Broth
"http://www.afamilyfeast.com/loaded-baked-potato-soup/",Loaded Baked Potato Soup
"http://www.afamilyfeast.com/loaded-chocolate-covered-rice-krispie-bars/",Loaded Chocolate Covered Rice Krispie Bars
"http://www.afamilyfeast.com/loaded-italian-sub-roasted-red-pepper-aioli/",Loaded Italian Sub with Roasted Red Pepper Aioli
"http://www.afamilyfeast.com/loaded-mashed-potato-casserole/",Loaded Mashed Potato Casserole
"http://www.afamilyfeast.com/loaded-pub-fries/",Loaded Pub Fries
"http://www.afamilyfeast.com/lobster-corn-chowder/",Lobster Corn Chowder
"http://www.afamilyfeast.com/lobster-sambuca-over-fettuccini/",Lobster Sambuca Over Fettuccini
"http://www.afamilyfeast.com/mac-and-cheese-cupcakes/",Mac and Cheese Cupcakes
"http://www.afamilyfeast.com/macaroni-and-cheese-with-roasted-tomatoes/",Macaroni and Cheese with Roasted Tomatoes
"http://www.afamilyfeast.com/macaroni-salad/",Macaroni Salad
"http://www.afamilyfeast.com/malted-mocha-bars/",Malted Mocha Bars
"http://www.afamilyfeast.com/malted-mocha-swiss-roll/",Malted Mocha Swiss Roll
"http://www.afamilyfeast.com/malted-mousse-cake/",Malted Mousse Cake
"http://www.afamilyfeast.com/mandarin-marmalade/",Mandarin Marmalade
"http://www.afamilyfeast.com/mandarin-pork-tenderloin-medallions/",Mandarin Pork Tenderloin Medallions
"http://www.afamilyfeast.com/mango-orange-lassi/",Mango Orange Lassi
"http://www.afamilyfeast.com/mango-yogurt-mousse/",Mango Yogurt Mousse
"http://www.afamilyfeast.com/maple-cider-glazed-turkey/",Maple Cider Glazed Turkey
"http://www.afamilyfeast.com/maple-sage-roasted-delicata-squash/",Maple Sage Roasted Delicata Squash
"http://www.afamilyfeast.com/margaritas/",Margaritas
"http://www.afamilyfeast.com/marinara-sauce/",Marinara Sauce
"http://www.afamilyfeast.com/marinated-green-beans-cilantro-garlic/",Marinated Green Beans with Cilantro and Garlic
"http://www.afamilyfeast.com/marinated-grilled-chicken/",Marinated Grilled Chicken
"http://www.afamilyfeast.com/marinated-mushrooms/",Marinated Mushrooms
"http://www.afamilyfeast.com/marinated-spiced-carrot-salad/",Marinated Spiced Carrot Salad
"http://www.afamilyfeast.com/mario-batalis-green-beans-fagiolini-in-padella/",Mario Batali’s Green Beans (Fagiolini in Padella)
"http://www.afamilyfeast.com/marshmallow-crisp-milkshake/",Marshmallow Crisp Milkshake
"http://www.afamilyfeast.com/marthas-meatloaf/",Martha&#8217;s Meatloaf
"http://www.afamilyfeast.com/mascarpone-strawberry-stuffed-french-toast/",Mascarpone Strawberry Stuffed French Toast
"http://www.afamilyfeast.com/mashed-cauliflower-spinach/",Mashed Cauliflower and Spinach
"http://www.afamilyfeast.com/mashed-sweet-potatoes-kale-boursin-cheese/",Mashed Sweet Potatoes with Kale and Boursin Cheese
"http://www.afamilyfeast.com/massaged-kale/",Massaged Kale
"http://www.afamilyfeast.com/matunuck-oyster-bar-stew/",Matunuck Oyster Bar Stew
"http://www.afamilyfeast.com/meat-lovers-manicotti-stracotto-style/",Meat Lovers Manicotti Stracotto-Style
"http://www.afamilyfeast.com/mediterranean-flatbread/",Mediterranean Flatbread
"http://www.afamilyfeast.com/mediterranean-grilled-chicken/",Mediterranean Grilled Chicken
"http://www.afamilyfeast.com/mediterranean-haddock/",Mediterranean Haddock
"http://www.afamilyfeast.com/mediterranean-israeli-couscous-salad/",Mediterranean Israeli Couscous Salad
"http://www.afamilyfeast.com/mediterranean-pasta-primavera/",Mediterranean Pasta Primavera
"http://www.afamilyfeast.com/mediterranean-pasta-salad/",Mediterranean Pasta Salad
"http://www.afamilyfeast.com/melon-balls-poppy-seed-dressing/",Melon Balls with Poppy Seed Dressing
"http://www.afamilyfeast.com/mexican-bread-pudding/",Mexican Bread Pudding
"http://www.afamilyfeast.com/mexican-brownies/",Mexican Brownies
"http://www.afamilyfeast.com/mexican-corn-salad/",Mexican Corn Salad
"http://www.afamilyfeast.com/mexican-hot-fudge-pudding-cake/",Mexican Hot Fudge Pudding Cake
"http://www.afamilyfeast.com/mexican-lasagna-with-white-sauce/",Mexican Lasagna with White Sauce
"http://www.afamilyfeast.com/mexican-pulled-chicken/",Mexican Pulled Chicken
"http://www.afamilyfeast.com/mexican-rice/",Mexican Rice
"http://www.afamilyfeast.com/mexican-shredded-beef/",Mexican Shredded Beef
"http://www.afamilyfeast.com/milk-braised-pulled-pork-mushrooms/",Milk Braised Pulled Pork with Mushrooms
"http://www.afamilyfeast.com/milky-way-bites-ice-cream/",Milky Way Bites Ice Cream {#GAMEDAYBITES}
"http://www.afamilyfeast.com/minestrone/",Minestrone
"http://www.afamilyfeast.com/mini-shepherds-pie-bites/",Mini Shepherd’s Pie Bites
"http://www.afamilyfeast.com/mini-stuffed-sweet-peppers/",Mini Stuffed Sweet Peppers
"http://www.afamilyfeast.com/mixed-berry-buckle/",Mixed Berry Buckle
"http://www.afamilyfeast.com/mixed-berry-cobbler/",Mixed Berry Cobbler
"http://www.afamilyfeast.com/mixed-berry-muffins/",Mixed Berry Muffins
"http://www.afamilyfeast.com/mixed-greens-with-pears-goat-cheese-dried-cranberries-and-spiced-pecans/",Mixed Greens with Pears, Goat Cheese, Dried Cranberries and Spiced Pecans
"http://www.afamilyfeast.com/mixed-greens-with-prosciutto-and-cantaloupe/",Mixed Greens with Prosciutto and Cantaloupe
"http://www.afamilyfeast.com/mocha-cupcakes/",Mocha Cupcakes
"http://www.afamilyfeast.com/mock-apple-crumb-pie-made-with-zucchini/",Mock Apple Crumb Pie (Made with Zucchini)
"http://www.afamilyfeast.com/moo-shu-beef-lettuce-cups/",Moo Shu Beef Lettuce Cups
"http://www.afamilyfeast.com/morning-glory-muffins/",Morning Glory Muffins
"http://www.afamilyfeast.com/moscows/",Moscows
"http://www.afamilyfeast.com/mozelles-barbecue-sauce/",Mozelle&#8217;s Barbecue Sauce
"http://www.afamilyfeast.com/mujadarra/",Mujadarra
"http://www.afamilyfeast.com/mushroom-ragout/",Mushroom Ragout
"http://www.afamilyfeast.com/mushroom-risotto/",Mushroom Risotto
"http://www.afamilyfeast.com/myles-standish-sandwich/",Myles Standish Sandwich
"http://www.afamilyfeast.com/name-that-cheeseburger/",Name That Cheeseburger: The Peppercorn Pileup!
"http://www.afamilyfeast.com/nannys-black-midnight-cake/",Nanny&#8217;s Black Midnight Cake
"http://www.afamilyfeast.com/nannys-italian-stuffed-peppers/",Nanny’s Italian Stuffed Peppers
"http://www.afamilyfeast.com/nannys-rum-raisin-sugar-cookies/",Nanny’s Rum Raisin Sugar Cookies
"http://www.afamilyfeast.com/nantucket-corn-pudding/",Nantucket Corn Pudding
"http://www.afamilyfeast.com/nautical-mary/",Nautical Mary
"http://www.afamilyfeast.com/new-england-apple-cider-cake/",New England Apple Cider Cake
"http://www.afamilyfeast.com/new-england-boiled-dinner-corned-beef-and-cabbage/",New England Boiled Dinner (Corned Beef and Cabbage)
"http://www.afamilyfeast.com/new-england-clam-chowder/",New England Clam Chowder
"http://www.afamilyfeast.com/new-england-lobster-roll/",New England Lobster Roll
"http://www.afamilyfeast.com/new-england-pumpkin-caramel-pudding/",New England Pumpkin Caramel Pudding
"http://www.afamilyfeast.com/no-bake-nutella-almond-cheesecake/",No Bake Nutella Almond Cheesecake
"http://www.afamilyfeast.com/no-bake-amaretto-truffles/",No-Bake Amaretto Truffles
"http://www.afamilyfeast.com/no-bake-chocolate-cheesecake-pie/",No-Bake Chocolate Cheesecake Pie
"http://www.afamilyfeast.com/no-bake-chocolate-oatmeal-cookies/",No-Bake Chocolate Oatmeal Cookies
"http://www.afamilyfeast.com/no-bake-mini-pumpkin-cheesecakes/",No-Bake Mini Pumpkin Cheesecakes
"http://www.afamilyfeast.com/no-bake-peach-cheesecake-mousse/",No-Bake Peach Cheesecake Mousse
"http://www.afamilyfeast.com/no-bake-white-chocolate-peppermint-cheesecakes/",No-Bake White Chocolate Peppermint Cheesecakes
"http://www.afamilyfeast.com/no-churn-cinnamon-ice-cream/",No-Churn Cinnamon Ice Cream
"http://www.afamilyfeast.com/no-churn-peppermint-chip-ice-cream/",No-Churn Peppermint Chip Ice Cream
"http://www.afamilyfeast.com/no-cook-puttanesca-sauce-pasta/",No-Cook Puttanesca Sauce Over Pasta
"http://www.afamilyfeast.com/noodle-kugel/",Noodle Kugel
"http://www.afamilyfeast.com/noodles-romanoff-with-mushrooms/",Noodles Romanoff with Mushrooms
"http://www.afamilyfeast.com/nourishing-rice-arroz-de-sustancia/",Nourishing Rice (Arroz de Sustancia)
"http://www.afamilyfeast.com/nutella-crunch-ice-cream-cake/",Nutella Crunch Ice Cream Cake
"http://www.afamilyfeast.com/oatmeal-apple-scones/",Oatmeal Apple Scones
"http://www.afamilyfeast.com/oatmeal-cranberry-cheesecake-bars/",Oatmeal Cranberry Cheesecake Bars
"http://www.afamilyfeast.com/oatmeal-raisin-ice-cream/",Oatmeal Raisin Ice Cream
"http://www.afamilyfeast.com/oatmeal-snickerdoodles/",Oatmeal Snickerdoodles
"http://www.afamilyfeast.com/oatmeal-stout-beef-pot-pie/",Oatmeal Stout Beef Pot Pie
"http://www.afamilyfeast.com/olive-dipping-sauce/",Olive Dipping Sauce
"http://www.afamilyfeast.com/olive-oil-herb-savory-biscotti/",Olive Oil &#038; Herb Savory Biscotti
"http://www.afamilyfeast.com/one-pot-tex-mex-pasta/",One Pot Tex-Mex Pasta
"http://www.afamilyfeast.com/onion-jam-crostini-with-herbed-goat-cheese/",Onion Jam Crostini with Herbed Goat Cheese
"http://www.afamilyfeast.com/onion-rings/",Onion Rings
"http://www.afamilyfeast.com/orange-almond-biscotti/",Orange Almond Biscotti
"http://www.afamilyfeast.com/orange-ginger-cookies-chocolate-drizzle/",Orange and Ginger Cookies with Chocolate Drizzle
"http://www.afamilyfeast.com/orange-chicken-vegetables/",Orange Chicken and Vegetables
"http://www.afamilyfeast.com/orange-chicken-roasted-spatchcock-style/",Orange Chicken Roasted Spatchcock-Style
"http://www.afamilyfeast.com/orange-poppy-seed-cake/",Orange Poppy Seed Cake
"http://www.afamilyfeast.com/orange-ricotta-cookies/",Orange Ricotta Cookies
"http://www.afamilyfeast.com/orange-sugared-cranberries/",Orange Sugared Cranberries
"http://www.afamilyfeast.com/orange-zucchini-cookies-2/",Orange Zucchini Cookies
"http://www.afamilyfeast.com/orzo-with-mushrooms-scallions-and-parmesan/",Orzo with Mushrooms, Scallions and Parmesan
"http://www.afamilyfeast.com/our-american-kitchen-memories-our-favorite-family-recipes/",Our American Kitchen Memories (&#038; Our Favorite Family Recipes)
"http://www.afamilyfeast.com/our-christmas-family-feast/",Our Christmas Family Feast
"http://www.afamilyfeast.com/doac-atlantic-city-food-tour/",Our DoAC Atlantic City Food Tour
"http://www.afamilyfeast.com/our-kitchen-makeover-after/",Our Kitchen Makeover: After
"http://www.afamilyfeast.com/our-kitchen-makeover-appliance-research-inspiration/",Our Kitchen Makeover: Appliance Research &#038; Inspiration (plus a $100 Giveaway)
"http://www.afamilyfeast.com/our-kitchen-makeover-before/",Our Kitchen Makeover: Before
"http://www.afamilyfeast.com/our-kitchen-makeover-new-hardwood-floors/",Our Kitchen Makeover: New Hardwood Floors
"http://www.afamilyfeast.com/thanksgiving-family-feast/",Our Thanksgiving Family Feast
"http://www.afamilyfeast.com/oven-fried-rosemary-chicken/",Oven Fried Rosemary Chicken
"http://www.afamilyfeast.com/oven-roasted-brussels-sprouts-bacon/",Oven Roasted Brussels Sprouts with Bacon
"http://www.afamilyfeast.com/oven-roasted-brussels-sprouts-with-lemon-aioli/",Oven Roasted Brussels Sprouts with Lemon Aioli
"http://www.afamilyfeast.com/oven-roasted-brussels-sprouts-mustard-shallots/",Oven Roasted Brussels Sprouts with Mustard and Shallots
"http://www.afamilyfeast.com/oven-roasted-cauliflower-crunchy-topping-marzetti-kitchens-100-gift-card-giveaway-ad/",Oven Roasted Cauliflower with Crunchy Topping
"http://www.afamilyfeast.com/oven-roasted-parmesan-cauliflower/",Oven Roasted Parmesan Cauliflower
"http://www.afamilyfeast.com/palm-springs-date-shake/",Palm Springs Date Shake
"http://www.afamilyfeast.com/pan-roasted-tomatoes-with-herbs/",Pan Roasted Tomatoes with Herbs
"http://www.afamilyfeast.com/pan-roasted-tomatoes-with-quinoa/",Pan Roasted Tomatoes with Quinoa
"http://www.afamilyfeast.com/pan-seared-halibut-with-mango-avocado-salsa/",Pan Seared Halibut with Mango-Avocado Salsa
"http://www.afamilyfeast.com/pane-siciliano-sesame-seed-sicilian-bread/",Pane Siciliano (Sesame Seed Sicilian bread)
"http://www.afamilyfeast.com/panettone-muffins/",Panettone Muffins
"http://www.afamilyfeast.com/panna-cotta-with-balsamic-strawberries/",Panna Cotta with Balsamic Strawberries
"http://www.afamilyfeast.com/panzanella/",Panzanella (Bread Salad)
"http://www.afamilyfeast.com/pappa-al-pomodoro/",Pappa Al Pomodoro (Bread and Tomato Soup)
"http://www.afamilyfeast.com/parmesan-chicken/",Parmesan Chicken Cutlets
"http://www.afamilyfeast.com/parmesan-chicken-nuggets/",Parmesan Chicken Nuggets
"http://www.afamilyfeast.com/parmesan-peas-pancetta-shallots/",Parmesan Peas with Pancetta and Shallots
"http://www.afamilyfeast.com/parmesan-pull-apart-rolls/",Parmesan Pull-Apart Rolls
"http://www.afamilyfeast.com/parmesan-truffle-fries/",Parmesan Truffle Fries
"http://www.afamilyfeast.com/parmesan-coated-asparagus-wrapped-prosciutto/",Parmesan-Coated Asparagus Wrapped In Prosciutto
"http://www.afamilyfeast.com/parsnip-celery-root-puree/",Parsnip and Celery Root Purée
"http://www.afamilyfeast.com/pasta-al-finocchio/",Pasta al Finocchio
"http://www.afamilyfeast.com/pasta-con-tonno/",Pasta con Tonno
"http://www.afamilyfeast.com/pasta-frolla-christmas-jam-cookies/",Pasta Frolla Christmas Jam Cookies
"http://www.afamilyfeast.com/pasta-luva-with-gorgonzola/",Pasta L&#8217;uva with Gorgonzola
"http://www.afamilyfeast.com/pasta-primavera/",Pasta Primavera
"http://www.afamilyfeast.com/pasta-sauce-raphael/",Pasta Sauce Raphael
"http://www.afamilyfeast.com/pasta-with-arugula-cream-sauce/",Pasta with Arugula Cream Sauce
"http://www.afamilyfeast.com/pasta-pesto-cream-sauce/",Pasta with Pesto Cream Sauce
"http://www.afamilyfeast.com/pasta-with-yellow-pepper-sauce/",Pasta with Yellow Pepper Sauce
"http://www.afamilyfeast.com/pasta-chicken-asparagus-in-garlic-tomato-sauce/",Pasta, Chicken &#038; Asparagus in Garlic Tomato Sauce
"http://www.afamilyfeast.com/pauls-thanksgiving-stuffing/",Paul’s Thanksgiving Stuffing
"http://www.afamilyfeast.com/peach-butter/",Peach Butter
"http://www.afamilyfeast.com/peaches-cream-almond-crumb-tart/",Peaches and Cream Almond Crumb Tart
"http://www.afamilyfeast.com/peanut-ginger-chicken/",Peanut Ginger Chicken
"http://www.afamilyfeast.com/peanut-goodies/",Peanut Goodies
"http://www.afamilyfeast.com/pear-and-dark-chocolate-crisp/",Pear and Dark Chocolate Crisp
"http://www.afamilyfeast.com/pearl-onions-in-cream-sauce/",Pearl Onions in Cream Sauce
"http://www.afamilyfeast.com/peas-prosciutto/",Peas with Prosciutto
"http://www.afamilyfeast.com/pegs-green-tomato-salsa/",Peg’s Green Tomato Salsa
"http://www.afamilyfeast.com/pepper-jack-potato-pancakes/",Pepper Jack Potato Pancakes
"http://www.afamilyfeast.com/pepper-pig-breakfast-sandwich/",Pepper Pig Breakfast Sandwich
"http://www.afamilyfeast.com/pepperidge-farm-milano-tiramisu/",Pepperidge Farm® Milano® Tiramisu
"http://www.afamilyfeast.com/peppermint-hearts/",Peppermint Hearts
"http://www.afamilyfeast.com/peppery-peach-glazed-pork-tenderloin/",Peppery Peach Glazed Pork Tenderloin
"http://www.afamilyfeast.com/peppery-peach-sauce/",Peppery Peach Sauce
"http://www.afamilyfeast.com/perdues-favorite-sweet-smoky-chicken/",Perdue’s Favorite Sweet and Smoky Chicken
"http://www.afamilyfeast.com/perfect-asparagus/",Perfect Asparagus
"http://www.afamilyfeast.com/perfect-herb-roasted-chicken/",Perfect Herb Roasted Chicken
"http://www.afamilyfeast.com/perfect-holiday-ham/",Perfect Holiday Ham
"http://www.afamilyfeast.com/perfect-macaroni-and-cheese/",Perfect Macaroni and Cheese
"http://www.afamilyfeast.com/perfect-mashed-potatoes/",Perfect Mashed Potatoes
"http://www.afamilyfeast.com/perfect-pan-seared-scallops/",Perfect Pan-Seared Scallops (with a Simple Pan Sauce)
"http://www.afamilyfeast.com/perfect-pan-seared-steak/",Perfect Pan-Seared Steak
"http://www.afamilyfeast.com/perfect-pork-chops/",Perfect Pork Chops
"http://www.afamilyfeast.com/perfect-pork-tenderloin/",Perfect Pork Tenderloin
"http://www.afamilyfeast.com/perfect-prime-rib/",Perfect Prime Rib
"http://www.afamilyfeast.com/perfect-roast-turkey/",Perfect Roast Turkey
"http://www.afamilyfeast.com/perfect-turkey-gravy/",Perfect Turkey Gravy
"http://www.afamilyfeast.com/pesto/",Pesto
"http://www.afamilyfeast.com/pesto-chicken-sauteed-cannellini-beans/",Pesto Chicken over Sautéed Cannellini Beans
"http://www.afamilyfeast.com/petite-marmite/",Petite Marmite
"http://www.afamilyfeast.com/philly-cheesesteak-stuffed-peppers/",Philly Cheesesteak Stuffed Peppers
"http://www.afamilyfeast.com/pickled-golden-beets/",Pickled Golden Beets
"http://www.afamilyfeast.com/pickled-red-onions/",Pickled Red Onions
"http://www.afamilyfeast.com/pico-de-gallo/",Pico de Gallo
"http://www.afamilyfeast.com/pierogi/",Pierogi
"http://www.afamilyfeast.com/pineapple-lime-rickey-punch/",Pineapple Lime Rickey Punch
"http://www.afamilyfeast.com/pineapple-mango-mahi-mahi-and-vegetables-over-rice/",Pineapple Mango Mahi Mahi and Vegetables Over Rice
"http://www.afamilyfeast.com/pineapple-mango-salsa/",Pineapple Mango Salsa
"http://www.afamilyfeast.com/pineapple-raisin-sauce/",Pineapple Raisin Sauce
"http://www.afamilyfeast.com/pistachio-lemon-lime-shortbread-cookies/",Pistachio Lemon Lime Shortbread Cookies
"http://www.afamilyfeast.com/pizza-margherita-roasted-tomato-pizza-sauce/",Pizza Margherita with Roasted Tomato Pizza Sauce
"http://www.afamilyfeast.com/poached-cod-with-tarragon-and-cherry-tomatoes/",Poached Cod with Tarragon and Cherry Tomatoes
"http://www.afamilyfeast.com/poached-pears-red-wine-vanilla-custard-sauce/",Poached Pears in Red Wine with Vanilla Custard Sauce
"http://www.afamilyfeast.com/polish-babka/",Polish Babka
"http://www.afamilyfeast.com/polish-dill-pickle-soup/",Polish Dill Pickle Soup
"http://www.afamilyfeast.com/polish-hamburgers/",Polish Hamburgers
"http://www.afamilyfeast.com/polish-style-steamed-pei-mussels/",Polish-Style Steamed PEI Mussels
"http://www.afamilyfeast.com/pom-pomegranate-sherbet/",POM Pomegranate Sherbet
"http://www.afamilyfeast.com/pomfresca-cocktail/",Pomfresca Cocktail
"http://www.afamilyfeast.com/pomfresca-float/",Pomfresca Float
"http://www.afamilyfeast.com/poppy-seed-chicken/",Poppy Seed Chicken
"http://www.afamilyfeast.com/pork-and-apple-skewers-with-orange-balsamic-glaze/",Pork and Apple Skewers With Orange Balsamic Glaze
"http://www.afamilyfeast.com/pork-meatballs-with-currants/",Pork Meatballs with Currants
"http://www.afamilyfeast.com/pork-medallions-portuguese/",Pork Medallions Portuguese
"http://www.afamilyfeast.com/pork-tenderloin-tips-apricot-sauce/",Pork Tenderloin Tips with Apricot Sauce
"http://www.afamilyfeast.com/pork-tenderloin-with-pomegranate-pan-sauce/",Pork Tenderloin with Pomegranate Pan Sauce
"http://www.afamilyfeast.com/pork-tenderloin-with-strawberry-plum-sauce-and-herbed-biscuits/",Pork Tenderloin with Strawberry-Plum Sauce and Herbed Biscuits
"http://www.afamilyfeast.com/portuguese-kale-soup/",Portuguese Kale Soup
"http://www.afamilyfeast.com/portuguese-rice-pudding/",Portuguese Rice Pudding
"http://www.afamilyfeast.com/portuguese-tomato-rice/",Portuguese Tomato Rice (Arroz de Tomate)
"http://www.afamilyfeast.com/portuguese-style-mussels-garlic-cream-sauce/",Portuguese-Style Mussels in Garlic Cream Sauce
"http://www.afamilyfeast.com/potato-rosemary-kaiser-rolls/",Potato Rosemary Kaiser Rolls
"http://www.afamilyfeast.com/potatoes-obrien/",Potatoes O’Brien
"http://www.afamilyfeast.com/poutine/",Poutine
"http://www.afamilyfeast.com/poutine-style-turkey-gravy-potatoes/",Poutine-Style Turkey, Gravy and Potatoes
"http://www.afamilyfeast.com/praline-pumpkin-mousse/",Praline Pumpkin Mousse
"http://www.afamilyfeast.com/pretzel-cookies/",Pretzel Cookies
"http://www.afamilyfeast.com/prosciutto-and-cheese-biscuits/",Prosciutto and Cheese Biscuits
"http://www.afamilyfeast.com/prosciutto-and-fig-pizza-with-arugula/",Prosciutto and Fig Pizza with Arugula
"http://www.afamilyfeast.com/prosciutto-rolls/",Prosciutto Rolls
"http://www.afamilyfeast.com/prosciutto-wrapped-zucchini-melon-pasta/",Prosciutto Wrapped Zucchini Over Melon Pasta
"http://www.afamilyfeast.com/puff-pastry-bacon-twists/",Puff Pastry Bacon Twists
"http://www.afamilyfeast.com/pulled-chicken-chilaquiles/",Pulled Chicken Chilaquiles
"http://www.afamilyfeast.com/pulled-chicken-tacos/",Pulled Chicken Tacos
"http://www.afamilyfeast.com/pulled-pork-with-bourbon-barbecue-sauce/",Pulled Pork with Bourbon Barbecue Sauce
"http://www.afamilyfeast.com/pumpkin-cheesecake/",Pumpkin Cheesecake
"http://www.afamilyfeast.com/pumpkin-corn-chowder/",Pumpkin Corn Chowder
"http://www.afamilyfeast.com/pumpkin-corn-fritters/",Pumpkin Corn Fritters
"http://www.afamilyfeast.com/pumpkin-corn-pudding/",Pumpkin Corn Pudding
"http://www.afamilyfeast.com/pumpkin-oatmeal-chocolate-chip-cookies/",Pumpkin Oatmeal Chocolate Chip Cookies
"http://www.afamilyfeast.com/pumpkin-pancakes-maple-pumpkin-butter/",Pumpkin Pancakes with Maple Pumpkin Butter
"http://www.afamilyfeast.com/pumpkin-pecan-toffee-chip-cookies/",Pumpkin Pecan Toffee Chip Cookies
"http://www.afamilyfeast.com/pumpkin-spice-sugar-cookies/",Pumpkin Spice Sugar Cookies
"http://www.afamilyfeast.com/quick-and-easy-chili/",Quick and Easy Chili
"http://www.afamilyfeast.com/quick-skillet-chicken-grapes/",Quick Skillet Chicken with Grapes
"http://www.afamilyfeast.com/quinoa-chicken-and-vegetable-salad/",Quinoa Chicken and Vegetable Salad
"http://www.afamilyfeast.com/quinoa-pilaf/",Quinoa Pilaf
"http://www.afamilyfeast.com/quinoa-salad-pecans-orange-currants/",Quinoa Salad with Pecans, Orange and Currants
"http://www.afamilyfeast.com/quinoa-with-spinach-artichokes-and-chicken/",Quinoa With Spinach, Artichokes and Chicken
"http://www.afamilyfeast.com/ranch-buffalo-chicken-meatloaf/",Ranch Buffalo Chicken Meatloaf
"http://www.afamilyfeast.com/ranch-chicken-chopped-salad/",Ranch Chicken Chopped Salad
"http://www.afamilyfeast.com/raspberry-fool/",Raspberry Fool
"http://www.afamilyfeast.com/raspberry-melon-smoothie/",Raspberry Melon Smoothie
"http://www.afamilyfeast.com/red-potato-coins/",Red Potato Coins
"http://www.afamilyfeast.com/red-velvet-peeps-holiday-wreath-cake/",Red Velvet PEEPS® Holiday Wreath Cake
"http://www.afamilyfeast.com/red-eye-burger/",Red-Eye Burger
"http://www.afamilyfeast.com/reeses-dream-team-chocolate-peanut-butter-pie-pops/",REESE’S ‘Dream Team’ Chocolate Peanut Butter Pie Pops
"http://www.afamilyfeast.com/refried-beans/",Refried Beans
"http://www.afamilyfeast.com/reuben-dip/",Reuben Dip
"http://www.afamilyfeast.com/rice-pilaf/",Rice Pilaf
"http://www.afamilyfeast.com/rissole-potatoes-fresco/",Rissole Potatoes Fresco
"http://www.afamilyfeast.com/roasted-boneless-lamb-with-red-wine-pan-sauce/",Roasted Boneless Lamb with Red Wine Pan Sauce
"http://www.afamilyfeast.com/roasted-butternut-squash-and-swiss-chard/",Roasted Butternut Squash and Swiss Chard
"http://www.afamilyfeast.com/roasted-carrots-parsnips/",Roasted Carrots and Parsnips
"http://www.afamilyfeast.com/roasted-chicken-with-rosemary-compound-butter/",Roasted Chicken with Rosemary Compound Butter
"http://www.afamilyfeast.com/roasted-eggplant-white-bean-dip-caraway-crackers/",Roasted Eggplant and White Bean Dip with Caraway Crackers
"http://www.afamilyfeast.com/roasted-fennel-onion-gratinati/",Roasted Fennel and Onion Gratinati
"http://www.afamilyfeast.com/roasted-french-style-potatoes/",Roasted French-Style Potatoes
"http://www.afamilyfeast.com/roasted-garlic-aioli/",Roasted Garlic Aioli
"http://www.afamilyfeast.com/roasted-lamb-london-broil-style/",Roasted Lamb London Broil-Style
"http://www.afamilyfeast.com/roasted-mashed-sweet-potatoes/",Roasted Mashed Sweet Potatoes
"http://www.afamilyfeast.com/roasted-potato-soup/",Roasted Potato Soup
"http://www.afamilyfeast.com/roasted-radishes-and-root-vegetables/",Roasted Radishes and Root Vegetables
"http://www.afamilyfeast.com/roasted-red-pepper-dipping-sauce/",Roasted Red Pepper Dipping Sauce
"http://www.afamilyfeast.com/roasted-salmon-tomato-olive-relish/",Roasted Salmon with Tomato-Olive Relish
"http://www.afamilyfeast.com/roasted-strawberries/",Roasted Strawberries
"http://www.afamilyfeast.com/roasted-strawberry-creme-fraiche-ice-cream/",Roasted Strawberry Crème Fraîche Ice Cream
"http://www.afamilyfeast.com/roasted-tomato-pizza-sauce/",Roasted Tomato Pizza Sauce
"http://www.afamilyfeast.com/rocket-fuel-homemade-hot-sauce/",Rocket Fuel (Homemade Hot Sauce)
"http://www.afamilyfeast.com/rocky-road-fudge-bites/",Rocky Road Fudge Bites
"http://www.afamilyfeast.com/roman-wedge-salad/",Roman Wedge Salad
"http://www.afamilyfeast.com/rookie-cookies/",Rookie Cookies
"http://www.afamilyfeast.com/rosemary-compound-butter/",Rosemary Compound Butter
"http://www.afamilyfeast.com/rosemary-flatbread/",Rosemary Flatbread
"http://www.afamilyfeast.com/rotisserie-chicken-skillet/",Rotisserie Chicken Skillet
"http://www.afamilyfeast.com/ruby-red-grapefruit-and-cranberry-chicken/",Ruby Red Grapefruit and Cranberry Chicken
"http://www.afamilyfeast.com/russian-dressing/",Russian Dressing
"http://www.afamilyfeast.com/saigon-cinnamon-ginger-cookies/",Saigon Cinnamon Ginger Cookies
"http://www.afamilyfeast.com/salami-cheddar-quiche/",Salami &#038; Cheddar Quiche
"http://www.afamilyfeast.com/salisbury-steak/",Salisbury Steak
"http://www.afamilyfeast.com/salmon-parsnip-chowder/",Salmon and Parsnip Chowder
"http://www.afamilyfeast.com/salmon-hash-with-poached-eggs/",Salmon Hash with Poached Eggs
"http://www.afamilyfeast.com/salsa/",Salsa
"http://www.afamilyfeast.com/salty-dog/",Salty Dog
"http://www.afamilyfeast.com/sausage-apple-empanadas/",Sausage and Apple Empanadas
"http://www.afamilyfeast.com/sausage-and-broccoli-rabe-risotto/",Sausage and Broccoli Rabe Risotto
"http://www.afamilyfeast.com/sausage-and-pepper-calzone/",Sausage and Pepper Calzone
"http://www.afamilyfeast.com/sausage-ricotta-pizza/",Sausage and Ricotta Pizza
"http://www.afamilyfeast.com/sausage-bread/",Sausage Bread
"http://www.afamilyfeast.com/sausage-stuffed-mushrooms-with-mascarpone/",Sausage Stuffed Mushrooms with Mascarpone
"http://www.afamilyfeast.com/sausage-veggie-breakfast-bake/",Sausage Veggie Breakfast Bake
"http://www.afamilyfeast.com/sauteed-beet-greens/",Sautéed Beet Greens
"http://www.afamilyfeast.com/sauteed-fresh-corn/",Sautéed Fresh Corn
"http://www.afamilyfeast.com/sauteed-mushrooms-with-bourbon/",Sautéed Mushrooms with Bourbon
"http://www.afamilyfeast.com/sauteed-salmon-with-rice-and-tomatoes/",Sautéed Salmon with Rice and Tomatoes
"http://www.afamilyfeast.com/savory-beef-stew-with-dumplings/",Savory Beef Stew with Dumplings
"http://www.afamilyfeast.com/savory-citrus-dressing/",Savory Citrus Dressing
"http://www.afamilyfeast.com/savory-fried-plantains/",Savory Fried Plantains
"http://www.afamilyfeast.com/savory-soft-polenta/",Savory Soft Polenta
"http://www.afamilyfeast.com/scallop-ceviche/",Scallop Ceviche
"http://www.afamilyfeast.com/scalloped-ham-potato-casserole/",Scalloped Ham and Potato Casserole
"http://www.afamilyfeast.com/scallops-alla-veneziana-with-parmesan-toasts/",Scallops Alla Veneziana with Parmesan Toasts
"http://www.afamilyfeast.com/scarpaccia-zucchini-tart/",Scarpaccia {Zucchini Tart}
"http://www.afamilyfeast.com/scottiglia/",Scottiglia (Mixed Meat Stew)
"http://www.afamilyfeast.com/sea-scallops-cipollini-onions-pasta/",Sea Scallops with Cipollini Onions and Pasta
"http://www.afamilyfeast.com/seafood-salad/",Seafood Salad
"http://www.afamilyfeast.com/seared-beef-cipolline-onions-horseradish-dumplings/",Seared Beef with Cipolline Onions and Horseradish Dumplings
"http://www.afamilyfeast.com/seasoned-hamburgers-with-caramelized-onions/",Seasoned Hamburgers with Caramelized Onions
"http://www.afamilyfeast.com/sesame-chicken-skewers-with-sriracha-soy-dipping-sauce/",Sesame Chicken Skewers with Sriracha-Soy Dipping Sauce
"http://www.afamilyfeast.com/shakshuka/",Shakshuka
"http://www.afamilyfeast.com/shaved-brussels-sprout-salad/",Shaved Brussels Sprout Salad
"http://www.afamilyfeast.com/shrimp-scampi/",Shrimp Scampi
"http://www.afamilyfeast.com/sicilian-twists/",Sicilian Twists (Infasciadedde)
"http://www.afamilyfeast.com/simple-cucumber-salad/",Simple Cucumber Salad
"http://www.afamilyfeast.com/simple-red-wine-vinaigrette/",Simple Red Wine Vinaigrette
"http://www.afamilyfeast.com/skillet-goulash/",Skillet Goulash
"http://www.afamilyfeast.com/skinny-creamy-chicken-enchiladas/",Skinny Creamy Chicken Enchiladas
"http://www.afamilyfeast.com/skinny-marble-cheesecake/",Skinny Marble Cheesecake
"http://www.afamilyfeast.com/sloppy-joes/",Sloppy Joes
"http://www.afamilyfeast.com/sloppy-tom-sandwich/",Sloppy Tom Sandwich
"http://www.afamilyfeast.com/slow-cooker-applesauce-cranberries/",Slow Cooker Applesauce with Cranberries
"http://www.afamilyfeast.com/slow-cooker-barbecue-beef-brisket/",Slow Cooker Barbecue Beef Brisket
"http://www.afamilyfeast.com/slow-cooker-beefy-mac/",Slow Cooker Beefy Mac
"http://www.afamilyfeast.com/slow-cooker-chicken-tikka-masala/",Slow Cooker Chicken Tikka Masala
"http://www.afamilyfeast.com/slow-cooker-creamed-fresh-corn/",Slow Cooker Creamed Fresh Corn
"http://www.afamilyfeast.com/slow-cooker-honey-garlic-baby-back-ribs/",Slow Cooker Honey-Garlic Baby Back Ribs
"http://www.afamilyfeast.com/slow-cooker-italian-beef-subs/",Slow Cooker Italian Beef Subs
"http://www.afamilyfeast.com/slow-cooker-kalua-pulled-pork/",Slow Cooker Kalua Pulled Pork
"http://www.afamilyfeast.com/slow-cooker-pulled-buffalo-chicken/",Slow Cooker Pulled Buffalo Chicken
"http://www.afamilyfeast.com/slow-cooker-swiss-steak/",Slow Cooker Swiss Steak
"http://www.afamilyfeast.com/slow-cooker-tex-mex-chicken-stew/",Slow Cooker Tex-Mex Chicken Stew
"http://www.afamilyfeast.com/slow-cooker-tomato-tortellini-soup/",Slow Cooker Tomato and Tortellini Soup
"http://www.afamilyfeast.com/slow-cooker-tomato-crab-bisque/",Slow Cooker Tomato Crab Bisque
"http://www.afamilyfeast.com/slow-cooker-tuscan-white-bean-soup/",Slow Cooker Tuscan White Bean Soup
"http://www.afamilyfeast.com/small-batch-fig-jam/",Small Batch Fig Jam
"http://www.afamilyfeast.com/smoked-bluefish-pate/",Smoked Bluefish Pâté
"http://www.afamilyfeast.com/smoked-fish-chowder/",Smoked Fish Chowder
"http://www.afamilyfeast.com/smoked-ham-butternut-squash-noodles/",Smoked Ham with Butternut Squash over Noodles
"http://www.afamilyfeast.com/smoky-joe/",Smoky Joe
"http://www.afamilyfeast.com/snowflake-oreo-cookie-balls/",Snowflake OREO Cookie Balls
"http://www.afamilyfeast.com/soft-honey-sesame-pretzel-rolls/",Soft Honey Sesame Pretzel Rolls
"http://www.afamilyfeast.com/soft-pumpkin-chocolate-chip-cookies/",Soft Pumpkin Chocolate Chip Cookies
"http://www.afamilyfeast.com/sour-cream-coffee-cake-muffins/",Sour Cream Coffee Cake Muffins
"http://www.afamilyfeast.com/sour-cream-pudding-cake/",Sour Cream Pudding Cake
"http://www.afamilyfeast.com/sour-cream-streusel-coffeecake/",Sour Cream Streusel Coffeecake
"http://www.afamilyfeast.com/southwestern-breakfast-muffins/",Southwestern Breakfast Muffins
"http://www.afamilyfeast.com/southwestern-cheesy-corn-dip/",Southwestern Cheesy Corn Dip
"http://www.afamilyfeast.com/southwestern-rachel-sandwich-southwestern-slaw-boars-head-boldest-bracket-challenge/",Southwestern Rachel Sandwich with Southwestern Slaw: Boar’s Head Boldest Bracket Challenge
"http://www.afamilyfeast.com/spaghetti-amatriciana/",Spaghetti all’Amatriciana
"http://www.afamilyfeast.com/spaghetti-squash-gremolata/",Spaghetti Squash Gremolata
"http://www.afamilyfeast.com/spanish-rice/",Spanish Rice
"http://www.afamilyfeast.com/spice-rub-for-chicken/",Spice Rub for Chicken
"http://www.afamilyfeast.com/spiced-apple-coconut-muffins/",Spiced Apple Coconut Muffins
"http://www.afamilyfeast.com/spiced-eggnog-chocolate-chip-cake/",Spiced Eggnog Chocolate Chip Cake
"http://www.afamilyfeast.com/spiced-eggnog-cocktail/",Spiced Eggnog Cocktail
"http://www.afamilyfeast.com/spiced-pecans/",Spiced Pecans
"http://www.afamilyfeast.com/spiced-rum-bundt-cake/",Spiced Rum Bundt Cake
"http://www.afamilyfeast.com/spicy-cauliflower-au-gratin/",Spicy Cauliflower Au Gratin
"http://www.afamilyfeast.com/spicy-thai-ketchup/",Spicy Thai Ketchup
"http://www.afamilyfeast.com/spinach-and-cheddar-quiche/",Spinach and Cheddar Quiche
"http://www.afamilyfeast.com/spinach-and-kale-gratin/",Spinach and Kale Gratin
"http://www.afamilyfeast.com/spinach-salad-with-warm-bacon-dressing/",Spinach Salad with Warm Bacon Dressing
"http://www.afamilyfeast.com/spinach-strawberry-salad-with-strawberry-vinaigrette/",Spinach Strawberry Salad with Strawberry Vinaigrette
"http://www.afamilyfeast.com/spritz-cookies-for-sandy-hook/",Spritz Cookies
"http://www.afamilyfeast.com/star-spangled-fruit-salad/",Star Spangled Fruit Salad
"http://www.afamilyfeast.com/steak-au-poivre-crispy-shallots/",Steak au Poivre with Crispy Shallots
"http://www.afamilyfeast.com/steak-bites/",Steak Bites
"http://www.afamilyfeast.com/steak-bomb-sandwich/",Steak Bomb Sandwich
"http://www.afamilyfeast.com/steak-tips-caramelized-onions/",Steak Tips with Caramelized Onions
"http://www.afamilyfeast.com/steel-cut-oatmeal-honey-bread/",Steel Cut Oatmeal Honey Bread
"http://www.afamilyfeast.com/steel-cut-oats-breakfast-biscotti/",Steel Cut Oats Breakfast Biscotti
"http://www.afamilyfeast.com/stewed-tomatoes/",Stewed Tomatoes
"http://www.afamilyfeast.com/stir-fry-salmon-and-vegetables-with-multi-grain-medley/",Stir Fry Salmon and Vegetables with Multi-Grain Medley
"http://www.afamilyfeast.com/straw-and-hay/",Straw and Hay (Paglia e Fieno)
"http://www.afamilyfeast.com/strawberries-romanoff/",Strawberries Romanoff
"http://www.afamilyfeast.com/strawberry-brambles/",Strawberry Brambles
"http://www.afamilyfeast.com/strawberry-cheesecake-mousse/",Strawberry Cheesecake Mousse
"http://www.afamilyfeast.com/strawberry-cheesecake-streusel-muffins/",Strawberry Cheesecake Streusel Muffins
"http://www.afamilyfeast.com/strawberry-nutella-crumb-torte/",Strawberry Nutella Crumb Torte
"http://www.afamilyfeast.com/strawberry-shortcake/",Strawberry Shortcake with Mini Angel Food Cakes
"http://www.afamilyfeast.com/strawberry-torte/",Strawberry Torte
"http://www.afamilyfeast.com/strawberry-vinegar/",Strawberry Vinegar
"http://www.afamilyfeast.com/stuffed-crust-pizza-braid/",Stuffed Crust Pizza Braid
"http://www.afamilyfeast.com/stuffed-italian-frying-peppers/",Stuffed Italian Frying Peppers
"http://www.afamilyfeast.com/stuffed-meatballs/",Stuffed Meatballs
"http://www.afamilyfeast.com/stuffed-nutella-cookies/",Stuffed Nutella Cookies
"http://www.afamilyfeast.com/stuffed-veal-sliders/",Stuffed Veal Sliders
"http://www.afamilyfeast.com/sugar-cookie-bars/",Sugar Cookie Bars
"http://www.afamilyfeast.com/summer-salad-with-goat-cheese-filled-potato-cakes/",Summer Salad with Goat Cheese-Filled Potato Cakes
"http://www.afamilyfeast.com/summer-squash-spaghetti-ricotta-pie/",Summer Squash Spaghetti Ricotta Pie
"http://www.afamilyfeast.com/sunday-cooking-lesson-easily-cut-fresh-corn-kernels-cob/",Sunday Cooking Lesson: How to Easily Cut Fresh Corn Kernels Off the Cob
"http://www.afamilyfeast.com/sunday-cooking-lesson-bechamel-sauce/",Sunday Cooking Lesson: Béchamel Sauce
"http://www.afamilyfeast.com/sunday-cooking-lesson-clarified-butter/",Sunday Cooking Lesson: Clarified Butter
"http://www.afamilyfeast.com/sunday-cooking-lesson-homemade-croutons/",Sunday Cooking Lesson: Homemade Croutons
"http://www.afamilyfeast.com/sunday-cooking-lesson-homemade-ricotta-cheese/",Sunday Cooking Lesson: Homemade Ricotta Cheese
"http://www.afamilyfeast.com/sunday-cooking-lesson-cut-whole-chicken/",Sunday Cooking Lesson: How to Cut a Whole Chicken
"http://www.afamilyfeast.com/sunday-cooking-lesson-grill-pizza/",Sunday Cooking Lesson: How to Grill Pizza
"http://www.afamilyfeast.com/sunday-cooking-lesson-make-taco-shell-bowl/",Sunday Cooking Lesson: How to Make a Taco Shell Bowl
"http://www.afamilyfeast.com/sunday-cooking-lesson-perfect-french-fries/",Sunday Cooking Lesson: Perfect French Fries
"http://www.afamilyfeast.com/sunday-cooking-lesson-perfect-hard-boiled-eggs/",Sunday Cooking Lesson: Perfect Hard-Boiled Eggs
"http://www.afamilyfeast.com/sunday-cooking-lesson-perfect-pizza-dough/",Sunday Cooking Lesson: Perfect Pizza Dough
"http://www.afamilyfeast.com/sunday-cooking-lesson-perfect-poached-chicken/",Sunday Cooking Lesson: Perfect Poached Chicken
"http://www.afamilyfeast.com/sunday-gravy/",Sunday Gravy
"http://www.afamilyfeast.com/sundried-tomato-and-basil-cream-cheese-spread/",Sundried Tomato and Basil Cream Cheese Spread
"http://www.afamilyfeast.com/swedish-meatballs-over-noodles/",Swedish Meatballs over Noodles
"http://www.afamilyfeast.com/sweet-and-sour-balsamic-glazed-onions/",Sweet and Sour Balsamic Glazed Onions
"http://www.afamilyfeast.com/sweet-and-sour-chicken/",Sweet and Sour Chicken
"http://www.afamilyfeast.com/sweet-and-sour-glazed-pork-tenderloin/",Sweet and Sour Glazed Pork Tenderloin
"http://www.afamilyfeast.com/sweet-sour-key-lime-pork/",Sweet and Sour Key Lime Pork
"http://www.afamilyfeast.com/sweet-and-sour-sauce/",Sweet and Sour Sauce
"http://www.afamilyfeast.com/sweet-and-sour-shrimp-stir-fry/",Sweet and Sour Shrimp Stir-Fry
"http://www.afamilyfeast.com/sweet-and-spicy-cocktail-meatballs/",Sweet and Spicy Cocktail Meatballs
"http://www.afamilyfeast.com/sweet-spicy-shrimp-pineapple-bacon-skewers/",Sweet and Spicy Shrimp, Pineapple and Bacon Skewers
"http://www.afamilyfeast.com/sweet-and-tangy-cocktail-meatballs/",Sweet and Tangy Cocktail Meatballs
"http://www.afamilyfeast.com/sweet-bell-pepper-slaw-pineapple/",Sweet Bell Pepper Slaw With Pineapple
"http://www.afamilyfeast.com/sweet-buttermilk-biscuits/",Sweet Buttermilk Biscuits
"http://www.afamilyfeast.com/sweet-chili-dipping-sauce/",Sweet Chili Dipping Sauce
"http://www.afamilyfeast.com/sweet-corn-gelato/",Sweet Corn Gelato
"http://www.afamilyfeast.com/sweet-corn-soup/",Sweet Corn Soup
"http://www.afamilyfeast.com/sweet-hot-mustard-sauce-grilled-kielbasa/",Sweet Hot Mustard Sauce with Grilled Kielbasa
"http://www.afamilyfeast.com/sweet-potato-apple-cake/",Sweet Potato and Apple Cake
"http://www.afamilyfeast.com/sweet-potato-pancakes/",Sweet Potato Pancakes
"http://www.afamilyfeast.com/sweet-potato-risotto/",Sweet Potato Risotto
"http://www.afamilyfeast.com/sweet-potato-spinach-bacon-turkey-burgers/",Sweet Potato Spinach and Bacon Turkey Burgers
"http://www.afamilyfeast.com/taco-salad/",Taco Salad
"http://www.afamilyfeast.com/taco-sauce/",Taco Sauce
"http://www.afamilyfeast.com/tartar-sauce/",Tartar Sauce
"http://www.afamilyfeast.com/teriyaki-sauce/",Teriyaki Sauce
"http://www.afamilyfeast.com/texas-hash/",Texas Hash
"http://www.afamilyfeast.com/texas-tornado-cake/",Texas Tornado Cake
"http://www.afamilyfeast.com/thai-corn-salad/",Thai Corn Salad
"http://www.afamilyfeast.com/thai-vegetable-dip/",Thai Vegetable Dip
"http://www.afamilyfeast.com/thanksgiving-casserole/",Thanksgiving Casserole
"http://www.afamilyfeast.com/the-best-vanilla-ice-cream/",The Best Vanilla Ice Cream
"http://www.afamilyfeast.com/best-wild-rice/",The Best Wild Rice
"http://www.afamilyfeast.com/new-england-pasty/",The New England Pasty
"http://www.afamilyfeast.com/real-jordan-marsh-blueberry-muffins-recipe/",The Real Jordan Marsh Blueberry Muffins Recipe
"http://www.afamilyfeast.com/three-cheese-baked-ziti-meatballs-sausage/",Three Cheese Baked Ziti With Meatballs and Sausage
"http://www.afamilyfeast.com/toffee-pecan-bundt-cake-caramel-drizzle/",Toffee Pecan Bundt Cake with Caramel Drizzle
"http://www.afamilyfeast.com/toll-house-chocolate-chip-cupcakes/",Toll House Chocolate Chip Cupcakes
"http://www.afamilyfeast.com/toll-house-chocolate-chip-pie/",Toll House Chocolate Chip Pie
"http://www.afamilyfeast.com/tomato-eggplant-gratin/",Tomato Eggplant Gratin
"http://www.afamilyfeast.com/tomato-jam/",Tomato Jam
"http://www.afamilyfeast.com/tomato-lentil-soup-with-sausage/",Tomato Lentil Soup with Sausage
"http://www.afamilyfeast.com/tomato-pickle-mix/",Tomato Pickle Mix
"http://www.afamilyfeast.com/tomato-pie/",Tomato Pie
"http://www.afamilyfeast.com/tomato-portobello-gratin/",Tomato Portobello Gratin
"http://www.afamilyfeast.com/tomato-soup/",Tomato Soup
"http://www.afamilyfeast.com/tomato-tart-smoked-gruyere-cracked-black-pepper/",Tomato Tart with Smoked Gruyère and Cracked Black Pepper
"http://www.afamilyfeast.com/top-round-roast/",Top of the Round Roast
"http://www.afamilyfeast.com/tortellini-salad-with-roasted-vegetables/",Tortellini Salad with Roasted Vegetables
"http://www.afamilyfeast.com/hungryforfootball-touchdown-mini-meatloaf-and-buffalo-chicken-bites-ad/",Touchdown Mini Meatloaf and Buffalo Chicken Bites
"http://www.afamilyfeast.com/tri-color-cauliflower-salad/",Tri-Color Cauliflower Salad
"http://www.afamilyfeast.com/tuna-meatball-sub/",Tuna Meatball Sub
"http://www.afamilyfeast.com/turkey-stuffing-turnovers/",Turkey &#038; Stuffing Turnovers
"http://www.afamilyfeast.com/turkey-and-gravy-savory-herbed-waffles/",Turkey and Gravy Savory Herbed Waffles
"http://www.afamilyfeast.com/turkey-brine-recipe/",Turkey Brine Recipe &#038; Thanksgiving Menu Planning
"http://www.afamilyfeast.com/turkey-cocktail-meatballs-apple-mustard-glaze/",Turkey Cocktail Meatballs with Apple Mustard Glaze
"http://www.afamilyfeast.com/turkey-divan/",Turkey Divan
"http://www.afamilyfeast.com/turkey-kielbasa-baby-kale-strata/",Turkey Kielbasa and Baby Kale Strata
"http://www.afamilyfeast.com/turkey-meatball-soup-orzo/",Turkey Meatball Soup with Orzo
"http://www.afamilyfeast.com/turkey-meatballs-cranberry-sweet-sour-sauce/",Turkey Meatballs with Cranberry Sweet &#038; Sour Sauce
"http://www.afamilyfeast.com/turkey-monte-cristo-rosemary-aioli/",Turkey Monte Cristo with Rosemary Aioli
"http://www.afamilyfeast.com/turkey-pot-pie/",Turkey Pot Pie
"http://www.afamilyfeast.com/turkey-salad-sandwich/",Turkey Salad Sandwich
"http://www.afamilyfeast.com/turkey-salad-cranberries-toasted-pecans/",Turkey Salad with Cranberries and Toasted Pecans
"http://www.afamilyfeast.com/turkey-soup-potato-dumplings/",Turkey Soup with Potato Dumplings
"http://www.afamilyfeast.com/turkey-stock/",Turkey Stock
"http://www.afamilyfeast.com/turkey-stracciatella-soup/",Turkey Stracciatella Soup
"http://www.afamilyfeast.com/turkey-tetrazzini/",Turkey Tetrazzini
"http://www.afamilyfeast.com/tuscan-gilded-carrots/",Tuscan Gilded Carrots
"http://www.afamilyfeast.com/tuscan-roasted-potatoes/",Tuscan Roasted Potatoes
"http://www.afamilyfeast.com/tuscan-zucchini-with-tomatoes-garlic-mint/",Tuscan Zucchini with Tomatoes, Garlic &#038; Mint
"http://www.afamilyfeast.com/tuscan-style-beans/",Tuscan-Style Beans
"http://www.afamilyfeast.com/tuscan-style-roasted-carrots/",Tuscan-Style Roasted Carrots
"http://www.afamilyfeast.com/twice-baked-potatoes/",Twice Baked Potatoes
"http://www.afamilyfeast.com/twice-cooked-quinoa-chipotle-lime-chicken/",Twice Cooked Quinoa with Chipotle and Lime Chicken
"http://www.afamilyfeast.com/tzatziki/",Tzatziki
"http://www.afamilyfeast.com/vanilla-custard-sauce/",Vanilla Custard Sauce
"http://www.afamilyfeast.com/veal-and-portobello-mushroom-stew/",Veal and Portobello Mushroom Stew
"http://www.afamilyfeast.com/vegetable-chili/",Vegetable Chili
"http://www.afamilyfeast.com/vegetable-shepherds-pie/",Vegetable Shepherd&#8217;s Pie
"http://www.afamilyfeast.com/vegetarian-stuffed-zucchini/",Vegetarian Stuffed Zucchini
"http://www.afamilyfeast.com/veggie-dip-bread-bowl-wreath/",Veggie Dip Bread Bowl Wreath
"http://www.afamilyfeast.com/velvet-chicken-with-vegetables/",Velvet Chicken with Vegetables
"http://www.afamilyfeast.com/vietnamese-caramel-sauce/",Vietnamese Caramel Sauce
"http://www.afamilyfeast.com/vietnamese-chicken-and-cabbage-salad/",Vietnamese Chicken and Cabbage Salad
"http://www.afamilyfeast.com/vietnamese-dipping-sauce/",Vietnamese Dipping Sauce
"http://www.afamilyfeast.com/waldorf-salad/",Waldorf Salad
"http://www.afamilyfeast.com/warm-mushroom-bacon-dip/",Warm Mushroom Bacon Dip
"http://www.afamilyfeast.com/watermelon-pink-grapefruit-frozen-margaritas/",Watermelon and Pink Grapefruit Frozen Margaritas
"http://www.afamilyfeast.com/watermelon-mint-aqua-fresca/",Watermelon Mint Aqua Fresca
"http://www.afamilyfeast.com/watermelon-feta-and-mint-salad/",Watermelon, Feta and Mint Salad
"http://www.afamilyfeast.com/weekday-triple-play-meal-1-beef-and-cabbage-stir-fry/",Weekday Triple Play – Meal #1: Beef and Cabbage Stir Fry
"http://www.afamilyfeast.com/weekday-triple-play-meal-2-beef-calzones/",Weekday Triple Play – Meal #2: Beef Calzones
"http://www.afamilyfeast.com/weekday-triple-play-meal-3-california-slaw/",Weekday Triple Play – Meal #3: California Slaw
"http://www.afamilyfeast.com/weekday-triple-play-cabbage-blend/",Weekday Triple Play: Cabbage Blend
"http://www.afamilyfeast.com/wheat-berry-salad-dried-figs-whole-foods-market-50-gift-card-giveaway/",Wheat Berry Salad with Dried Figs and Whole Foods Market $50 Gift Card Giveaway
"http://www.afamilyfeast.com/wheatberry-salad-with-cranberries-feta-and-orange-citronette/",Wheatberry Salad with Cranberries, Feta and Orange Citronette
"http://www.afamilyfeast.com/white-balsamic-vinaigrette/",White Balsamic Vinaigrette
"http://www.afamilyfeast.com/white-barbecue-chicken/",White Barbecue Chicken
"http://www.afamilyfeast.com/white-barbecue-sauce/",White Barbecue Sauce
"http://www.afamilyfeast.com/white-barbecue-sauce-pork-ribs/",White Barbecue Sauce Pork Ribs
"http://www.afamilyfeast.com/white-bean-kale-dip/",White Bean and Kale Dip
"http://www.afamilyfeast.com/white-bean-dip/",White Bean Dip
"http://www.afamilyfeast.com/white-chicken-pizza/",White Chicken Pizza
"http://www.afamilyfeast.com/white-chili-with-chicken/",White Chili with Chicken
"http://www.afamilyfeast.com/white-chocolate-apricot-scones/",White Chocolate Apricot Scones
"http://www.afamilyfeast.com/white-chocolate-banana-cream-pie/",White Chocolate Banana Cream Pie {#PiDay Pie Party}
"http://www.afamilyfeast.com/white-chocolate-peppermint-martini/",White Chocolate Peppermint Martini
"http://www.afamilyfeast.com/white-lasagna-chicken-rollups/",White Lasagna Chicken Rollups
"http://www.afamilyfeast.com/white-vegetable-lasagna/",White Vegetable Lasagna
"http://www.afamilyfeast.com/white-wine-sangria/",White Wine Sangria
"http://www.afamilyfeast.com/whole-wheat-spaetzle-butternut-squash/",Whole Wheat Spaetzle With Butternut Squash
"http://www.afamilyfeast.com/whole-wheat-zucchini-bread/",Whole Wheat Zucchini Bread
"http://www.afamilyfeast.com/whole30-cauliflower-yam-potato-salad/",Whole30 Cauliflower and Yam ‘Potato’ Salad
"http://www.afamilyfeast.com/whole30-chili/",Whole30 Chili
"http://www.afamilyfeast.com/whole30-salmon-cakes-tartar-sauce/",Whole30 Salmon Cakes with Tartar Sauce
"http://www.afamilyfeast.com/whole30-spaghetti-squash-with-pesto/",Whole30 Spaghetti Squash with Pesto
"http://www.afamilyfeast.com/whole30-stuffed-cabbage/",Whole30 Stuffed Cabbage
"http://www.afamilyfeast.com/whole30-west-coast-chicken/",Whole30 West Coast Chicken
"http://www.afamilyfeast.com/whoopie-pies/",Whoopie Pies
"http://www.afamilyfeast.com/wicked-pickles/",Wicked Pickles
"http://www.afamilyfeast.com/winter-vegetable-salad/",Winter Vegetable Salad
"http://www.afamilyfeast.com/yankee-pot-roast/",Yankee Pot Roast {plus #OXOCookware Review}
"http://www.afamilyfeast.com/yorkshire-pudding/",Yorkshire Pudding
"http://www.afamilyfeast.com/zesty-chicken-with-shallots-capers-and-olives/",Zesty Chicken with Shallots, Capers and Olives
"http://www.afamilyfeast.com/zesty-pulled-turkey/",Zesty Pulled Turkey
"http://www.afamilyfeast.com/zesty-salmon-burgers-dill-spread/",Zesty Salmon Burgers with Dill Spread
"http://www.afamilyfeast.com/zucchini-and-eggs-cocozelle/",Zucchini and Eggs {Cocozelle}
"http://www.afamilyfeast.com/zucchini-brownies/",Zucchini Brownies
"http://www.afamilyfeast.com/zucchini-butter/",Zucchini Butter
"http://www.afamilyfeast.com/zucchini-corn-bread-with-bacon/",Zucchini Corn Bread with Bacon
"http://www.afamilyfeast.com/zucchini-frittata-tuscan-kale/",Zucchini Frittata with Tuscan Kale
"http://www.afamilyfeast.com/zucchini-fritters/",Zucchini Fritters
"http://www.afamilyfeast.com/zucchini-parmesan/",Zucchini Parmesan
"http://www.afamilyfeast.com/zucchini-risotto-goat-cheese-prosciutto/",Zucchini Risotto with Goat Cheese and Prosciutto
"http://www.afamilyfeast.com/zucchini-spaghetti/",Zucchini Spaghetti
"http://www.afamilyfeast.com/zucchini-tomato-risotto/",Zucchini Tomato Risotto
"http://www.afamilyfeast.com/zucchini-ham-rice-skillet/",Zucchini, Ham and Rice Skillet
